-- phpMyAdmin SQL Dump
-- version 5.0.4
-- https://www.phpmyadmin.net/
--
-- Hôte : localhost:3306
-- Généré le : mer. 26 mai 2021 à 14:01
-- Version du serveur :  5.7.24
-- Version de PHP : 7.4.7

SET SQL_MODE = "NO_AUTO_VALUE_ON_ZERO";
START TRANSACTION;
SET time_zone = "+00:00";


/*!40101 SET @OLD_CHARACTER_SET_CLIENT=@@CHARACTER_SET_CLIENT */;
/*!40101 SET @OLD_CHARACTER_SET_RESULTS=@@CHARACTER_SET_RESULTS */;
/*!40101 SET @OLD_COLLATION_CONNECTION=@@COLLATION_CONNECTION */;
/*!40101 SET NAMES utf8mb4 */;

--
-- Base de données : `testehpad`
--
CREATE DATABASE IF NOT EXISTS `gestehpad` DEFAULT CHARACTER SET utf8mb4 COLLATE utf8mb4_general_ci;
USE `gestehpad`;

-- --------------------------------------------------------

--
-- Structure de la table `admin`
--

DROP TABLE IF EXISTS `admin`;
CREATE TABLE `admin` (
  `idAdmin` int(10) UNSIGNED NOT NULL,
  `idPersonnel` int(10) UNSIGNED NOT NULL
) ENGINE=InnoDB DEFAULT CHARSET=utf8;

--
-- Déchargement des données de la table `admin`
--

INSERT INTO `admin` (`idAdmin`, `idPersonnel`) VALUES
(1, 41),
(2, 93),
(3, 145);

-- --------------------------------------------------------

--
-- Structure de la table `allergie`
--

DROP TABLE IF EXISTS `allergie`;
CREATE TABLE `allergie` (
  `idAllergie` int(10) UNSIGNED NOT NULL,
  `nomAllergie` varchar(45) NOT NULL
) ENGINE=InnoDB DEFAULT CHARSET=utf8;

--
-- Déchargement des données de la table `allergie`
--

INSERT INTO `allergie` (`idAllergie`, `nomAllergie`) VALUES
(1, 'Noix'),
(2, 'Crevette'),
(3, 'Frutis de mer'),
(4, 'Lactose'),
(5, 'Oeuf'),
(6, 'Poisson'),
(7, 'Soja'),
(8, 'Lentilles'),
(9, 'Moutarde'),
(10, 'Kiwi'),
(11, 'Blé'),
(12, 'Banane'),
(13, 'Pomme de terre'),
(14, 'Mangue'),
(15, 'Arachide');

-- --------------------------------------------------------

--
-- Structure de la table `chef`
--

DROP TABLE IF EXISTS `chef`;
CREATE TABLE `chef` (
  `idChef` int(10) UNSIGNED NOT NULL,
  `idPersonnel` int(10) UNSIGNED NOT NULL
) ENGINE=InnoDB DEFAULT CHARSET=utf8;

--
-- Déchargement des données de la table `chef`
--

INSERT INTO `chef` (`idChef`, `idPersonnel`) VALUES
(1, 1),
(2, 5),
(3, 11),
(4, 17),
(5, 23),
(6, 29),
(7, 35),
(8, 40),
(9, 43),
(10, 53),
(11, 57),
(12, 63),
(13, 69),
(14, 75),
(15, 81),
(16, 87),
(17, 92),
(18, 95),
(19, 105),
(20, 109),
(21, 115),
(22, 121),
(23, 127),
(24, 133),
(25, 139),
(26, 144),
(27, 147);

-- --------------------------------------------------------

--
-- Structure de la table `contacturgence`
--

DROP TABLE IF EXISTS `contacturgence`;
CREATE TABLE `contacturgence` (
  `idContactUrgence` int(10) UNSIGNED NOT NULL,
  `nomContact` varchar(45) DEFAULT NULL,
  `numContact` varchar(45) DEFAULT NULL,
  `relationUrgence` varchar(45) DEFAULT NULL
) ENGINE=InnoDB DEFAULT CHARSET=utf8;

--
-- Déchargement des données de la table `contacturgence`
--

INSERT INTO `contacturgence` (`idContactUrgence`, `nomContact`, `numContact`, `relationUrgence`) VALUES
(1, 'Labadie', '401.626.7246', 'Enfant'),
(2, 'Barrows', '856.008.3590', 'Enfant'),
(3, 'Doyle', '958-975-8374', 'Tuteur'),
(4, 'Emmerich', '(185) 625-5365', 'Ami'),
(5, 'Russel', '231-174-4243', 'Tuteur'),
(6, 'Berge', '1-082-415-5519', 'Ami'),
(7, 'Rice', '236-345-0962', 'Ami'),
(8, 'Wuckert', '1-721-154-4314', 'Tuteur'),
(9, 'Macejkovic', '(016) 703-0319', 'Ami'),
(10, 'Nader', '1-993-127-4098', 'Ami'),
(11, 'Hane', '005-546-0892', 'Enfant'),
(12, 'Muller', '487-953-5492', 'Tuteur'),
(13, 'Mitchell', '675.428.9455', 'Tuteur'),
(14, 'White', '934.481.5151', 'Ami'),
(15, 'Kuphal', '000-528-4959', 'Tuteur'),
(16, 'Howe', '837-845-5004', 'Enfant'),
(17, 'O Reilly', '(387) 325-1197', 'Tuteur'),
(18, 'O Conner', '948.253.9006', 'Tuteur'),
(19, 'Cronin', '657.418.5400', 'Ami'),
(20, 'Anderson', '(552) 657-8368', 'Enfant'),
(21, 'Boyle', '1-926-383-0670', 'Enfant'),
(22, 'Schaden', '860.961.6627', 'Ami'),
(23, 'Gottlieb', '1-918-401-8804', 'Enfant'),
(24, 'Douglas', '745.862.8698', 'Tuteur'),
(25, 'Schmitt', '986.624.3060', 'Tuteur'),
(26, 'Willms', '387-712-0260', 'Enfant'),
(27, 'Kilback', '(074) 454-0204', 'Enfant'),
(28, 'Farrell', '522-317-7818', 'Tuteur'),
(29, 'Krajcik', '(686) 849-0174', 'Tuteur'),
(30, 'Williamson', '(690) 592-1445', 'Ami'),
(31, 'Langosh', '(458) 269-2633', 'Tuteur'),
(32, 'VonRueden', '843-546-1028', 'Enfant'),
(33, 'Koepp', '(098) 421-9469', 'Tuteur'),
(34, 'Streich', '098.252.3418', 'Ami'),
(35, 'Hodkiewicz', '649-970-9138', 'Tuteur'),
(36, 'Jacobson', '459.927.2052', 'Enfant'),
(37, 'Rippin', '714.710.8274', 'Enfant'),
(38, 'Lakin', '(572) 419-6123', 'Ami'),
(39, 'Considine', '(131) 099-9267', 'Tuteur'),
(40, 'Jaskolski', '1-674-391-3371', 'Enfant'),
(41, 'MacGyver', '694.400.5837', 'Enfant'),
(42, 'Quigley', '(146) 375-1650', 'Enfant'),
(43, 'Konopelski', '(105) 803-5185', 'Ami'),
(44, 'Renner', '(020) 243-7782', 'Ami'),
(45, 'Zboncak', '513-651-7636', 'Tuteur'),
(46, 'Nienow', '1-404-405-0168', 'Enfant'),
(47, 'Bogan', '(990) 677-4910', 'Ami'),
(48, 'Collins', '1-379-440-0988', 'Enfant'),
(49, 'Luettgen', '189-579-2512', 'Tuteur'),
(50, 'Bergstrom', '1-789-334-6278', 'Ami'),
(51, 'Steuber', '023-835-7816', 'Enfant'),
(52, 'Hansen', '384.610.6352', 'Tuteur'),
(53, 'Hammes', '251.769.3746', 'Tuteur'),
(54, 'Mante', '1-957-040-6757', 'Tuteur'),
(55, 'Kuhn', '(030) 295-3810', 'Ami'),
(56, 'Ortiz', '386.899.5640', 'Tuteur'),
(57, 'Roob', '1-527-866-8038', 'Ami'),
(58, 'Prohaska', '(136) 702-4764', 'Tuteur'),
(59, 'Jenkins', '332.979.7741', 'Enfant'),
(60, 'Halvorson', '299.847.6030', 'Tuteur'),
(61, 'Anderson', '(118) 357-3678', 'Enfant'),
(62, 'O Connell', '(902) 389-1384', 'Tuteur'),
(63, 'Williamson', '637-882-6247', 'Tuteur'),
(64, 'Stamm', '863.197.7161', 'Tuteur'),
(65, 'Abshire', '(357) 726-3379', 'Ami'),
(66, 'Ziemann', '(678) 512-6850', 'Ami'),
(67, 'Hahn', '1-500-851-5790', 'Tuteur'),
(68, 'Koepp', '585-366-5796', 'Tuteur'),
(69, 'Steuber', '702.368.6165', 'Ami'),
(70, 'Jerde', '186-459-8641', 'Enfant'),
(71, 'Hettinger', '1-379-192-4846', 'Tuteur'),
(72, 'Bergnaum', '1-130-799-5053', 'Enfant'),
(73, 'Murphy', '625-476-6161', 'Enfant'),
(74, 'Sauer', '1-538-343-6552', 'Enfant'),
(75, 'Schultz', '1-134-151-9081', 'Tuteur'),
(76, 'Kunze', '(095) 360-9530', 'Enfant'),
(77, 'Bauch', '503.733.0612', 'Tuteur'),
(78, 'Bernhard', '1-119-394-6267', 'Tuteur'),
(79, 'Macejkovic', '468-735-0646', 'Enfant'),
(80, 'Boyle', '1-235-464-6491', 'Ami'),
(81, 'Weimann', '(685) 531-4421', 'Tuteur'),
(82, 'Schmidt', '082.021.0601', 'Enfant'),
(83, 'Howe', '(890) 927-1464', 'Tuteur'),
(84, 'Littel', '(288) 321-8645', 'Ami'),
(85, 'Rogahn', '1-224-811-2170', 'Tuteur'),
(86, 'Cole', '1-084-185-1257', 'Ami'),
(87, 'Hudson', '1-384-939-5924', 'Tuteur'),
(88, 'McKenzie', '(051) 397-8468', 'Ami'),
(89, 'Waters', '(364) 000-6049', 'Enfant'),
(90, 'Murazik', '1-676-791-1811', 'Tuteur'),
(91, 'Boyer', '(450) 495-7390', 'Tuteur'),
(92, 'Ryan', '(595) 442-7445', 'Enfant'),
(93, 'Davis', '1-787-936-1334', 'Tuteur'),
(94, 'Vandervort', '808-348-6525', 'Ami'),
(95, 'Runolfsson', '161-455-9125', 'Ami'),
(96, 'Klein', '697.623.9887', 'Ami'),
(97, 'Hackett', '1-448-050-4748', 'Ami'),
(98, 'Kuhlman', '192.953.0526', 'Ami'),
(99, 'Rohan', '1-506-218-9433', 'Ami'),
(100, 'Hermiston', '084.371.9576', 'Ami'),
(101, 'Farrell', '395.562.7119', 'Tuteur'),
(102, 'Gerlach', '633.659.6213', 'Ami'),
(103, 'Franecki', '(377) 812-7326', 'Enfant'),
(104, 'Botsford', '(256) 251-4400', 'Ami'),
(105, 'Haley', '(735) 623-4640', 'Ami'),
(106, 'Ruecker', '033-115-8637', 'Tuteur'),
(107, 'Effertz', '(391) 784-6079', 'Enfant'),
(108, 'Denesik', '206.546.4554', 'Tuteur'),
(109, 'Johns', '970.526.0793', 'Enfant'),
(110, 'Anderson', '743.680.5114', 'Enfant'),
(111, 'Fadel', '1-594-698-3876', 'Tuteur'),
(112, 'Littel', '653.110.5730', 'Ami'),
(113, 'Wiza', '(531) 573-8309', 'Tuteur'),
(114, 'Emmerich', '(697) 289-1268', 'Tuteur'),
(115, 'Ledner', '(721) 177-0674', 'Tuteur'),
(116, 'Gorczany', '(813) 295-5037', 'Tuteur'),
(117, 'Ziemann', '1-703-010-4943', 'Ami'),
(118, 'Stamm', '1-901-331-8230', 'Enfant'),
(119, 'Wiza', '1-935-178-1339', 'Ami'),
(120, 'Feil', '(268) 782-2386', 'Tuteur'),
(121, 'Oberbrunner', '988-166-0172', 'Ami'),
(122, 'Botsford', '1-533-561-9261', 'Enfant'),
(123, 'Haley', '1-578-724-5088', 'Enfant'),
(124, 'Wisozk', '(376) 393-4424', 'Tuteur'),
(125, 'Hilpert', '(384) 364-6088', 'Ami'),
(126, 'Fadel', '218-996-7741', 'Tuteur'),
(127, 'Oberbrunner', '1-260-565-2763', 'Enfant'),
(128, 'Runte', '691.687.8475', 'Enfant'),
(129, 'Schaden', '920-797-2477', 'Ami'),
(130, 'Wintheiser', '561-284-8708', 'Tuteur'),
(131, 'Hyatt', '1-801-579-8566', 'Ami'),
(132, 'Mann', '982-435-7774', 'Tuteur'),
(133, 'Abernathy', '(250) 450-8294', 'Tuteur'),
(134, 'Adams', '149-326-2609', 'Enfant'),
(135, 'Schuppe', '383.964.5068', 'Ami'),
(136, 'White', '678-798-4884', 'Ami'),
(137, 'Hoppe', '095-381-7901', 'Ami'),
(138, 'Gibson', '1-250-377-4838', 'Ami'),
(139, 'Cremin', '1-317-529-7203', 'Tuteur'),
(140, 'Kulas', '269-923-3496', 'Tuteur'),
(141, 'Mosciski', '178.191.3676', 'Enfant'),
(142, 'Hodkiewicz', '(434) 125-4391', 'Tuteur'),
(143, 'Trantow', '264-585-7418', 'Ami'),
(144, 'Emard', '(660) 329-2393', 'Ami'),
(145, 'Heaney', '652.409.2897', 'Enfant'),
(146, 'Denesik', '(510) 693-5885', 'Enfant'),
(147, 'Lesch', '843.963.4683', 'Enfant'),
(148, 'Wehner', '(499) 429-2124', 'Enfant'),
(149, 'Leffler', '(052) 018-4885', 'Enfant'),
(150, 'Daniel', '1-872-331-0589', 'Ami'),
(151, 'Reichert', '687.292.5362', 'Ami'),
(152, 'Ryan', '1-799-657-6185', 'Ami'),
(153, 'Okuneva', '427-651-3899', 'Tuteur'),
(154, 'Berge', '(128) 262-7593', 'Enfant'),
(155, 'Waelchi', '(463) 262-4223', 'Ami'),
(156, 'Osinski', '1-340-560-9867', 'Ami'),
(157, 'Johnston', '(946) 716-8218', 'Tuteur'),
(158, 'Emmerich', '(367) 778-5362', 'Tuteur'),
(159, 'Nikolaus', '(053) 521-8022', 'Enfant'),
(160, 'Ryan', '166.630.1858', 'Enfant'),
(161, 'Mayert', '(495) 492-0498', 'Ami'),
(162, 'Walter', '1-017-509-7281', 'Tuteur'),
(163, 'Reynolds', '1-607-886-4519', 'Ami'),
(164, 'Kuvalis', '(862) 865-3996', 'Enfant'),
(165, 'Blick', '472.011.6437', 'Ami'),
(166, 'Hyatt', '1-806-368-8474', 'Enfant'),
(167, 'Hills', '835-708-1267', 'Tuteur'),
(168, 'Mertz', '1-849-961-9362', 'Ami'),
(169, 'Ryan', '(568) 166-0743', 'Ami'),
(170, 'DuBuque', '1-855-319-4362', 'Tuteur'),
(171, 'Kuvalis', '995-413-0254', 'Enfant'),
(172, 'Fahey', '719.378.9143', 'Tuteur'),
(173, 'Haag', '457.669.5141', 'Tuteur'),
(174, 'Hegmann', '(316) 211-0738', 'Ami'),
(175, 'Klein', '113.277.8932', 'Enfant'),
(176, 'Klocko', '046-624-7125', 'Enfant'),
(177, 'Hansen', '1-987-047-3984', 'Ami'),
(178, 'Kuhic', '854-677-3249', 'Enfant'),
(179, 'Funk', '1-802-315-6846', 'Enfant'),
(180, 'Gorczany', '964-373-0419', 'Tuteur'),
(181, 'Wuckert', '220-920-2476', 'Enfant'),
(182, 'Olson', '1-348-597-3966', 'Tuteur'),
(183, 'Corkery', '011-292-4730', 'Tuteur'),
(184, 'Rosenbaum', '(696) 239-1926', 'Ami'),
(185, 'Schulist', '1-440-701-3431', 'Ami'),
(186, 'Bradtke', '182-185-8320', 'Tuteur'),
(187, 'Schroeder', '777-098-2206', 'Enfant'),
(188, 'Stoltenberg', '730.355.6546', 'Ami'),
(189, 'Rath', '069-667-3029', 'Tuteur'),
(190, 'Metz', '820.492.7419', 'Tuteur'),
(191, 'Mertz', '(259) 707-7956', 'Enfant'),
(192, 'Grant', '1-717-471-0835', 'Enfant'),
(193, 'Russel', '616-665-2041', 'Enfant'),
(194, 'Bogan', '315.191.1010', 'Enfant'),
(195, 'Luettgen', '1-341-442-5002', 'Tuteur'),
(196, 'Swift', '878.571.8647', 'Tuteur'),
(197, 'Rowe', '1-084-319-0162', 'Ami'),
(198, 'Mann', '558.735.1679', 'Ami'),
(199, 'Lueilwitz', '827-003-5673', 'Ami'),
(200, 'Balistreri', '808-115-8142', 'Enfant'),
(201, 'Klein', '(974) 412-7366', 'Enfant'),
(202, 'Halvorson', '1-190-363-5982', 'Tuteur'),
(203, 'Kilback', '762-516-7373', 'Tuteur'),
(204, 'Keeling', '1-957-674-4361', 'Ami'),
(205, 'Conn', '220-942-8155', 'Enfant'),
(206, 'Schneider', '1-234-930-7956', 'Tuteur'),
(207, 'Lindgren', '109.892.5333', 'Enfant'),
(208, 'King', '(813) 984-5754', 'Enfant'),
(209, 'Lynch', '1-898-387-2375', 'Enfant'),
(210, 'Tromp', '983.050.7960', 'Ami'),
(211, 'Gulgowski', '1-510-207-8889', 'Ami'),
(212, 'Rau', '005.674.7930', 'Tuteur'),
(213, 'Rosenbaum', '1-996-827-2398', 'Ami'),
(214, 'Stanton', '205.918.1811', 'Tuteur'),
(215, 'Blick', '988-403-0793', 'Tuteur'),
(216, 'West', '516.973.7924', 'Enfant'),
(217, 'Dietrich', '543.462.0908', 'Enfant'),
(218, 'Hahn', '246-801-5337', 'Tuteur'),
(219, 'White', '1-340-180-3164', 'Enfant'),
(220, 'Barrows', '1-201-799-6637', 'Enfant'),
(221, 'Effertz', '365-247-4090', 'Ami'),
(222, 'Tillman', '891.908.0143', 'Tuteur'),
(223, 'Hamill', '1-824-538-5054', 'Enfant'),
(224, 'Zemlak', '(093) 463-3252', 'Enfant'),
(225, 'Littel', '506-253-7551', 'Ami'),
(226, 'Lemke', '570.696.6831', 'Tuteur'),
(227, 'McDermott', '1-574-603-1201', 'Tuteur'),
(228, 'Crooks', '1-151-379-0944', 'Enfant'),
(229, 'Feil', '1-142-407-6104', 'Enfant'),
(230, 'Corwin', '(780) 215-6652', 'Tuteur'),
(231, 'Heaney', '1-238-626-9598', 'Tuteur'),
(232, 'Bashirian', '1-565-408-1772', 'Enfant'),
(233, 'Jerde', '1-292-190-7405', 'Tuteur'),
(234, 'Little', '1-231-217-4582', 'Enfant'),
(235, 'Brekke', '1-862-509-9126', 'Enfant'),
(236, 'Lehner', '(471) 370-8698', 'Enfant'),
(237, 'Baumbach', '1-031-499-7956', 'Ami'),
(238, 'Reichert', '957.344.2578', 'Ami'),
(239, 'Kuphal', '1-951-498-4899', 'Ami'),
(240, 'Haag', '(740) 944-1041', 'Enfant'),
(241, 'Bartell', '(248) 895-6218', 'Ami'),
(242, 'Von', '332-070-3051', 'Enfant'),
(243, 'Davis', '196.335.7157', 'Enfant'),
(244, 'Herzog', '1-824-048-8557', 'Tuteur'),
(245, 'Stroman', '635-580-2249', 'Ami'),
(246, 'Bogisich', '(116) 757-0129', 'Enfant'),
(247, 'Huels', '(904) 066-5884', 'Enfant'),
(248, 'Dooley', '1-482-667-9798', 'Tuteur'),
(249, 'Parisian', '(526) 780-3409', 'Tuteur'),
(250, 'Murray', '1-124-412-7240', 'Tuteur'),
(251, 'Bruen', '499-064-7056', 'Tuteur'),
(252, 'Erdman', '(145) 732-4843', 'Ami'),
(253, 'Will', '499.203.2485', 'Tuteur'),
(254, 'Lindgren', '(511) 800-3548', 'Enfant'),
(255, 'Nikolaus', '453.827.7591', 'Tuteur'),
(256, 'Gutkowski', '(689) 421-9258', 'Tuteur'),
(257, 'Metz', '1-845-349-0588', 'Ami'),
(258, 'Bogan', '1-029-907-0960', 'Enfant'),
(259, 'Hayes', '1-603-023-8139', 'Ami'),
(260, 'Harris', '530.774.1468', 'Enfant'),
(261, 'Barton', '008.481.3539', 'Tuteur'),
(262, 'Kiehn', '(621) 995-5508', 'Ami'),
(263, 'Von', '1-262-737-1611', 'Enfant'),
(264, 'Koch', '528.823.4986', 'Enfant'),
(265, 'Walker', '899-131-2907', 'Enfant'),
(266, 'Smith', '699.270.1233', 'Ami'),
(267, 'Abernathy', '217.230.7804', 'Tuteur'),
(268, 'Roberts', '1-912-673-4037', 'Enfant'),
(269, 'Cormier', '(198) 158-7997', 'Tuteur'),
(270, 'Huels', '636.475.0337', 'Tuteur'),
(271, 'Heathcote', '(714) 915-0932', 'Tuteur'),
(272, 'Kuvalis', '(619) 494-4288', 'Enfant'),
(273, 'Jast', '287-119-6630', 'Tuteur'),
(274, 'Lowe', '(560) 374-0928', 'Tuteur'),
(275, 'Romaguera', '1-676-025-4484', 'Ami'),
(276, 'Lebsack', '1-877-550-9317', 'Tuteur'),
(277, 'Nicolas', '(479) 031-0080', 'Tuteur'),
(278, 'Miller', '(754) 737-7107', 'Enfant'),
(279, 'Skiles', '776-831-5494', 'Enfant'),
(280, 'Von', '389.468.7769', 'Tuteur'),
(281, 'Reinger', '1-085-122-5497', 'Enfant'),
(282, 'Johnston', '1-629-406-4365', 'Tuteur'),
(283, 'Effertz', '(497) 255-5531', 'Enfant'),
(284, 'Haag', '907-026-4078', 'Ami'),
(285, 'Huels', '062-813-9672', 'Enfant'),
(286, 'Mante', '1-794-038-6197', 'Tuteur'),
(287, 'Kessler', '(881) 294-5663', 'Enfant'),
(288, 'Heller', '511.347.9917', 'Ami'),
(289, 'Marvin', '(587) 330-2096', 'Enfant'),
(290, 'Mueller', '1-321-302-7861', 'Tuteur'),
(291, 'Streich', '(272) 329-0004', 'Enfant'),
(292, 'Romaguera', '076.200.0012', 'Enfant'),
(293, 'Connelly', '176-872-7617', 'Ami'),
(294, 'Barton', '383.898.7502', 'Enfant'),
(295, 'Daugherty', '(675) 396-9062', 'Enfant'),
(296, 'Ryan', '(539) 676-8864', 'Tuteur'),
(297, 'Rolfson', '319-260-5454', 'Tuteur'),
(298, 'Hoppe', '1-588-337-3516', 'Tuteur'),
(299, 'Champlin', '1-006-975-2760', 'Enfant'),
(300, 'Kuphal', '591.395.0187', 'Ami');

-- --------------------------------------------------------

--
-- Structure de la table `directeur`
--

DROP TABLE IF EXISTS `directeur`;
CREATE TABLE `directeur` (
  `idDirecteur` int(10) UNSIGNED NOT NULL,
  `idPersonnel` int(10) UNSIGNED NOT NULL
) ENGINE=InnoDB DEFAULT CHARSET=utf8;

--
-- Déchargement des données de la table `directeur`
--

INSERT INTO `directeur` (`idDirecteur`, `idPersonnel`) VALUES
(1, 48),
(2, 49),
(3, 50),
(4, 51),
(5, 52),
(6, 100),
(7, 101),
(8, 102),
(9, 103),
(10, 104),
(11, 152),
(12, 153),
(13, 154),
(14, 155),
(15, 156);

-- --------------------------------------------------------

--
-- Structure de la table `dossiermedical`
--

DROP TABLE IF EXISTS `dossiermedical`;
CREATE TABLE `dossiermedical` (
  `idDossierMedical` int(10) UNSIGNED NOT NULL,
  `idRegime` int(10) UNSIGNED NOT NULL,
  `idResident` int(10) UNSIGNED NOT NULL
) ENGINE=InnoDB DEFAULT CHARSET=utf8;

--
-- Déchargement des données de la table `dossiermedical`
--

INSERT INTO `dossiermedical` (`idDossierMedical`, `idRegime`, `idResident`) VALUES
(1, 3, 1),
(2, 2, 2),
(3, 4, 3),
(4, 9, 4),
(5, 1, 5),
(6, 8, 6),
(7, 9, 7),
(8, 1, 8),
(9, 4, 9),
(10, 1, 10),
(11, 5, 11),
(12, 8, 12),
(13, 8, 13),
(14, 7, 14),
(15, 10, 15),
(16, 4, 16),
(17, 8, 17),
(18, 1, 18),
(19, 7, 19),
(20, 2, 20),
(21, 6, 21),
(22, 4, 22),
(23, 6, 23),
(24, 9, 24),
(25, 1, 25),
(26, 10, 26),
(27, 4, 27),
(28, 3, 28),
(29, 6, 29),
(30, 8, 30),
(31, 3, 31),
(32, 10, 32),
(33, 2, 33),
(34, 10, 34),
(35, 7, 35),
(36, 3, 36),
(37, 7, 37),
(38, 3, 38),
(39, 7, 39),
(40, 8, 40),
(41, 1, 41),
(42, 7, 42),
(43, 2, 43),
(44, 7, 44),
(45, 10, 45),
(46, 4, 46),
(47, 6, 47),
(48, 4, 48),
(49, 5, 49),
(50, 6, 50),
(51, 1, 51),
(52, 10, 52),
(53, 3, 53),
(54, 3, 54),
(55, 9, 55),
(56, 5, 56),
(57, 6, 57),
(58, 10, 58),
(59, 9, 59),
(60, 8, 60),
(61, 8, 61),
(62, 9, 62),
(63, 2, 63),
(64, 2, 64),
(65, 7, 65),
(66, 5, 66),
(67, 10, 67),
(68, 3, 68),
(69, 5, 69),
(70, 1, 70),
(71, 6, 71),
(72, 6, 72),
(73, 3, 73),
(74, 5, 74),
(75, 1, 75),
(76, 5, 76),
(77, 1, 77),
(78, 9, 78),
(79, 6, 79),
(80, 8, 80),
(81, 5, 81),
(82, 7, 82),
(83, 5, 83),
(84, 7, 84),
(85, 9, 85),
(86, 2, 86),
(87, 10, 87),
(88, 1, 88),
(89, 9, 89),
(90, 7, 90),
(91, 9, 91),
(92, 2, 92),
(93, 8, 93),
(94, 3, 94),
(95, 2, 95),
(96, 10, 96),
(97, 8, 97),
(98, 5, 98),
(99, 9, 99),
(100, 4, 100),
(101, 9, 101),
(102, 8, 102),
(103, 9, 103),
(104, 8, 104),
(105, 9, 105),
(106, 2, 106),
(107, 2, 107),
(108, 1, 108),
(109, 6, 109),
(110, 8, 110),
(111, 5, 111),
(112, 3, 112),
(113, 3, 113),
(114, 5, 114),
(115, 10, 115),
(116, 5, 116),
(117, 7, 117),
(118, 5, 118),
(119, 2, 119),
(120, 3, 120),
(121, 5, 121),
(122, 6, 122),
(123, 4, 123),
(124, 9, 124),
(125, 2, 125),
(126, 2, 126),
(127, 10, 127),
(128, 8, 128),
(129, 3, 129),
(130, 1, 130),
(131, 4, 131),
(132, 4, 132),
(133, 4, 133),
(134, 6, 134),
(135, 10, 135),
(136, 4, 136),
(137, 2, 137),
(138, 9, 138),
(139, 8, 139),
(140, 5, 140),
(141, 1, 141),
(142, 4, 142),
(143, 5, 143),
(144, 8, 144),
(145, 3, 145),
(146, 4, 146),
(147, 3, 147),
(148, 6, 148),
(149, 1, 149),
(150, 4, 150),
(151, 1, 151),
(152, 7, 152),
(153, 3, 153),
(154, 6, 154),
(155, 9, 155),
(156, 3, 156),
(157, 7, 157),
(158, 9, 158),
(159, 6, 159),
(160, 9, 160),
(161, 2, 161),
(162, 9, 162),
(163, 9, 163),
(164, 6, 164),
(165, 5, 165),
(166, 10, 166),
(167, 9, 167),
(168, 10, 168),
(169, 10, 169),
(170, 6, 170),
(171, 2, 171),
(172, 2, 172),
(173, 8, 173),
(174, 6, 174),
(175, 4, 175),
(176, 1, 176),
(177, 2, 177),
(178, 8, 178),
(179, 4, 179),
(180, 6, 180),
(181, 9, 181),
(182, 9, 182),
(183, 7, 183),
(184, 9, 184),
(185, 7, 185),
(186, 8, 186),
(187, 3, 187),
(188, 5, 188),
(189, 10, 189),
(190, 7, 190),
(191, 2, 191),
(192, 10, 192),
(193, 3, 193),
(194, 6, 194),
(195, 9, 195),
(196, 1, 196),
(197, 1, 197),
(198, 10, 198),
(199, 4, 199),
(200, 7, 200),
(201, 6, 201),
(202, 7, 202),
(203, 4, 203),
(204, 9, 204),
(205, 9, 205),
(206, 7, 206),
(207, 5, 207),
(208, 10, 208),
(209, 7, 209),
(210, 3, 210),
(211, 6, 211),
(212, 9, 212),
(213, 4, 213),
(214, 3, 214),
(215, 9, 215),
(216, 3, 216),
(217, 5, 217),
(218, 2, 218),
(219, 1, 219),
(220, 3, 220),
(221, 1, 221),
(222, 3, 222),
(223, 1, 223),
(224, 2, 224),
(225, 10, 225),
(226, 3, 226),
(227, 1, 227),
(228, 10, 228),
(229, 4, 229),
(230, 5, 230),
(231, 1, 231),
(232, 4, 232),
(233, 3, 233),
(234, 2, 234),
(235, 8, 235),
(236, 4, 236),
(237, 7, 237),
(238, 7, 238),
(239, 10, 239),
(240, 8, 240),
(241, 4, 241),
(242, 9, 242),
(243, 2, 243),
(244, 5, 244),
(245, 2, 245),
(246, 10, 246),
(247, 9, 247),
(248, 3, 248),
(249, 7, 249),
(250, 1, 250),
(251, 8, 251),
(252, 6, 252),
(253, 10, 253),
(254, 2, 254),
(255, 8, 255),
(256, 9, 256),
(257, 8, 257),
(258, 10, 258),
(259, 10, 259),
(260, 3, 260),
(261, 1, 261),
(262, 6, 262),
(263, 3, 263),
(264, 7, 264),
(265, 10, 265),
(266, 7, 266),
(267, 6, 267),
(268, 9, 268),
(269, 4, 269),
(270, 4, 270),
(271, 9, 271),
(272, 3, 272),
(273, 6, 273),
(274, 7, 274),
(275, 10, 275),
(276, 2, 276),
(277, 6, 277),
(278, 2, 278),
(279, 5, 279),
(280, 6, 280),
(281, 1, 281),
(282, 5, 282),
(283, 10, 283),
(284, 6, 284),
(285, 8, 285),
(286, 2, 286),
(287, 6, 287),
(288, 8, 288),
(289, 7, 289),
(290, 9, 290),
(291, 1, 291),
(292, 5, 292),
(293, 10, 293),
(294, 1, 294),
(295, 8, 295),
(296, 2, 296),
(297, 1, 297),
(298, 7, 298),
(299, 8, 299),
(300, 7, 300);

-- --------------------------------------------------------

--
-- Structure de la table `employe`
--

DROP TABLE IF EXISTS `employe`;
CREATE TABLE `employe` (
  `idEmploye` int(10) UNSIGNED NOT NULL,
  `idPersonnel` int(10) UNSIGNED NOT NULL,
  `idEquipe` int(10) UNSIGNED DEFAULT NULL
) ENGINE=InnoDB DEFAULT CHARSET=utf8;

--
-- Déchargement des données de la table `employe`
--

INSERT INTO `employe` (`idEmploye`, `idPersonnel`, `idEquipe`) VALUES
(1, 2, 1),
(2, 3, 1),
(3, 4, 1),
(4, 6, 2),
(5, 7, 2),
(6, 8, 2),
(7, 9, 2),
(8, 10, 2),
(9, 12, 3),
(10, 13, 3),
(11, 14, 3),
(12, 15, 3),
(13, 16, 3),
(14, 18, 4),
(15, 19, 4),
(16, 20, 4),
(17, 21, 4),
(18, 22, 4),
(19, 24, 5),
(20, 25, 5),
(21, 26, 5),
(22, 27, 5),
(23, 28, 5),
(24, 30, 6),
(25, 31, 6),
(26, 32, 6),
(27, 33, 6),
(28, 34, 6),
(29, 36, 7),
(30, 37, 7),
(31, 38, 7),
(32, 39, 7),
(33, 42, 8),
(34, 44, 9),
(35, 45, 9),
(36, 46, 9),
(37, 47, 9),
(38, 54, 10),
(39, 55, 10),
(40, 56, 10),
(41, 58, 11),
(42, 59, 11),
(43, 60, 11),
(44, 61, 11),
(45, 62, 11),
(46, 64, 12),
(47, 65, 12),
(48, 66, 12),
(49, 67, 12),
(50, 68, 12),
(51, 70, 13),
(52, 71, 13),
(53, 72, 13),
(54, 73, 13),
(55, 74, 13),
(56, 76, 14),
(57, 77, 14),
(58, 78, 14),
(59, 79, 14),
(60, 80, 14),
(61, 82, 15),
(62, 83, 15),
(63, 84, 15),
(64, 85, 15),
(65, 86, 15),
(66, 88, 16),
(67, 89, 16),
(68, 90, 16),
(69, 91, 16),
(70, 94, 17),
(71, 96, 18),
(72, 97, 18),
(73, 98, 18),
(74, 99, 18),
(75, 106, 19),
(76, 107, 19),
(77, 108, 19),
(78, 110, 20),
(79, 111, 20),
(80, 112, 20),
(81, 113, 20),
(82, 114, 20),
(83, 116, 21),
(84, 117, 21),
(85, 118, 21),
(86, 119, 21),
(87, 120, 21),
(88, 122, 22),
(89, 123, 22),
(90, 124, 22),
(91, 125, 22),
(92, 126, 22),
(93, 128, 23),
(94, 129, 23),
(95, 130, 23),
(96, 131, 23),
(97, 132, 23),
(98, 134, 24),
(99, 135, 24),
(100, 136, 24),
(101, 137, 24),
(102, 138, 24),
(103, 140, 25),
(104, 141, 25),
(105, 142, 25),
(106, 143, 25),
(107, 146, 26),
(108, 148, 27),
(109, 149, 27),
(110, 150, 27),
(111, 151, 27);

-- --------------------------------------------------------

--
-- Structure de la table `equipe`
--

DROP TABLE IF EXISTS `equipe`;
CREATE TABLE `equipe` (
  `idEquipe` int(10) UNSIGNED NOT NULL,
  `horaireEquipe` varchar(45) NOT NULL,
  `idChef` int(10) UNSIGNED NOT NULL,
  `idPersonnel` int(10) UNSIGNED NOT NULL
) ENGINE=InnoDB DEFAULT CHARSET=utf8;

--
-- Déchargement des données de la table `equipe`
--

INSERT INTO `equipe` (`idEquipe`, `horaireEquipe`, `idChef`, `idPersonnel`) VALUES
(1, 'Midi', 1, 1),
(2, 'Matin', 2, 5),
(3, 'Soir', 3, 11),
(4, 'Midi', 4, 17),
(5, 'Matin', 5, 23),
(6, 'Soir', 6, 29),
(7, 'Soir', 7, 35),
(8, 'Matin', 8, 40),
(9, 'Midi', 9, 43),
(10, 'Soir', 10, 53),
(11, 'Matin', 11, 57),
(12, 'Soir', 12, 63),
(13, 'Matin', 13, 69),
(14, 'Matin', 14, 75),
(15, 'Midi', 15, 81),
(16, 'Matin', 16, 87),
(17, 'Matin', 17, 92),
(18, 'Soir', 18, 95),
(19, 'Soir', 19, 105),
(20, 'Matin', 20, 109),
(21, 'Midi', 21, 115),
(22, 'Matin', 22, 121),
(23, 'Matin', 23, 127),
(24, 'Midi', 24, 133),
(25, 'Midi', 25, 139),
(26, 'Matin', 26, 144),
(27, 'Midi', 27, 147);

-- --------------------------------------------------------

--
-- Structure de la table `etablissement`
--

DROP TABLE IF EXISTS `etablissement`;
CREATE TABLE `etablissement` (
  `idEtablissement` int(10) UNSIGNED NOT NULL,
  `nomEtablissement` varchar(45) NOT NULL
) ENGINE=InnoDB DEFAULT CHARSET=utf8;

--
-- Déchargement des données de la table `etablissement`
--

INSERT INTO `etablissement` (`idEtablissement`, `nomEtablissement`) VALUES
(1, 'Nicolas and Sons'),
(2, 'Koch, Koch and Koch'),
(3, 'Schulist, Schulist and Schulist');

-- --------------------------------------------------------

--
-- Structure de la table `evenement`
--

DROP TABLE IF EXISTS `evenement`;
CREATE TABLE `evenement` (
  `idEvenement` int(10) UNSIGNED NOT NULL,
  `graviteEvent` varchar(45) NOT NULL,
  `dateEmission` datetime NOT NULL,
  `titreEvent` varchar(45) NOT NULL,
  `descriptionEvent` varchar(500) NOT NULL,
  `idRegistre` int(10) UNSIGNED NOT NULL,
  `idPersonnel` int(10) UNSIGNED NOT NULL
) ENGINE=InnoDB DEFAULT CHARSET=utf8;

--
-- Déchargement des données de la table `evenement`
--

INSERT INTO `evenement` (`idEvenement`, `graviteEvent`, `dateEmission`, `titreEvent`, `descriptionEvent`, `idRegistre`, `idPersonnel`) VALUES
(1, '2', '2020-09-29 04:15:20', 'Qui porro possimus.Quod corpor', 'Aut non quis vel voluptatibus laborum consectetur eos necessitatibus aut atque et eveniet ut animi voluptates facilis amet sit quidem corporis voluptas eligendi sit molestiae voluptas et quo quo ipsam voluptas earum aperiam temporibus sed nihil ut soluta vel velit.', 1, 1),
(2, '1', '2020-05-31 07:18:53', 'Ratione voluptates sint.Volupt', 'Dolore molestias culpa cumque odit qui tenetur optio maxime id quisquam dolorum explicabo fugiat illo sequi commodi et quis animi rerum qui illum excepturi alias occaecati libero consequatur ex excepturi voluptas magnam non et vero laudantium minima culpa quia itaque.', 1, 4),
(3, '3', '2021-05-10 14:21:57', 'Similique enim et voluptatibus', 'Illo praesentium vero velit culpa qui nihil voluptatibus provident voluptatem ipsa itaque et eos sit at dolor accusantium excepturi sunt distinctio sit aliquid dolorum ut odio illum neque distinctio quas id maiores quo tempora veritatis.', 1, 3),
(4, '1', '2021-01-20 18:20:07', 'Sed ipsum qui dolores vitae a ', 'Amet assumenda excepturi magnam deserunt animi dolor rerum facilis aut mollitia molestiae ratione et labore voluptatibus et optio facilis optio dolorum ut minus debitis eum mollitia doloremque corporis soluta quasi fugit facere ipsa laudantium hic.', 1, 1),
(5, '2', '2020-12-17 07:00:04', 'Sed quasi dolores placeat maio', 'Accusantium quae sit nemo quod consequatur non tempore laudantium consectetur quis quibusdam sit autem quam vel sit et rem omnis unde similique et beatae illo pariatur est magni exercitationem suscipit quo dolores officia at voluptatem quo tempore enim vel.', 1, 2),
(6, '2', '2020-08-31 19:15:57', 'Molestiae quas corrupti quibus', 'Animi recusandae ratione cumque non amet adipisci eligendi pariatur repellendus a qui mollitia quod cupiditate cupiditate natus tempora qui iure ullam et quia voluptatem temporibus modi beatae asperiores dolor odit ratione explicabo accusantium consequatur voluptatum.', 1, 3),
(7, '2', '2020-11-14 12:53:07', 'Corrupti laborum voluptatibus ', 'Sed et nam quod voluptas ducimus officiis consequatur fugiat eos doloribus et quia possimus odio eligendi aut quia impedit ut eum sit sint alias et corporis corporis ratione repellendus et velit deserunt atque laudantium nobis aperiam officiis.', 1, 3),
(8, '1', '2020-06-09 13:45:53', 'Similique est eos id nemo.Hic ', 'Ad in repellendus distinctio adipisci fugit maxime alias voluptatem velit nesciunt et officiis nostrum earum fugit maiores ut omnis qui autem libero vitae voluptas molestiae eos architecto soluta autem voluptas praesentium sunt dolor eos necessitatibus perspiciatis consequatur neque dolor.', 1, 4),
(9, '3', '2020-07-02 23:48:56', 'Aperiam veritatis mollitia eum', 'Voluptate voluptatem omnis debitis quaerat incidunt consequuntur fuga nihil est ducimus nisi quae dolorum pariatur accusantium unde voluptatibus pariatur aliquam odio et voluptas autem tenetur aliquam id placeat aut dolores et amet debitis qui quo est dicta est.', 1, 1),
(10, '3', '2020-12-25 15:41:01', 'Assumenda ut sunt magnam perfe', 'Omnis quasi nihil ipsum ad ullam quam voluptates est ut excepturi est qui voluptas quos quo sapiente sed incidunt vel commodi possimus omnis commodi ipsa sint rerum aut commodi molestiae aut id consequatur eum dolorem molestias cum pariatur.', 1, 4),
(11, '3', '2020-08-30 22:28:42', 'Non ipsa eos sint reiciendis q', 'Nihil dolorem quo impedit dolor fuga aut adipisci temporibus quaerat cumque velit fugit molestiae voluptas tempore et fugit velit saepe deserunt reprehenderit minima mollitia totam possimus ut deserunt non nulla et nisi assumenda nihil voluptatem et tempore quibusdam sit qui.', 1, 2),
(12, '2', '2020-07-22 20:18:55', 'Enim quia quia vel doloribus a', 'Incidunt voluptatem exercitationem ullam ad aliquam harum est consectetur non tenetur reprehenderit dignissimos magni nam ipsa eum harum cum dolores error maxime dicta tempora sit explicabo mollitia quisquam sequi dolorem sit aut ut ullam quo quod et molestiae reiciendis.', 1, 4),
(13, '1', '2020-09-11 15:55:12', 'Quis deserunt iure et laborum ', 'Exercitationem officiis voluptate iste unde fugiat cupiditate quod adipisci recusandae facere illo odio dolorem harum quos consequuntur sint iure sunt illo sequi mollitia reprehenderit occaecati exercitationem quam illo quae quis earum hic consequatur id excepturi.', 1, 1),
(14, '1', '2021-02-25 00:34:57', 'Qui aspernatur ut beatae.Nisi ', 'Totam accusantium ea ut qui qui eos vel dolor aut qui consequuntur quibusdam quibusdam ex sit officia veniam quia cupiditate vel et similique fugiat aperiam quo error velit omnis laborum quod veniam quis blanditiis qui atque recusandae aliquid.', 1, 1),
(15, '1', '2020-07-28 21:59:09', 'In qui est odit illum.Debitis ', 'Facilis ea labore sunt ea voluptatem iste illum beatae aut iure ut accusantium esse corporis quia ut sapiente dolorem itaque nam qui eos occaecati eum eligendi voluptas alias possimus eos quod ipsam nisi et porro id enim vitae ut.', 1, 1),
(16, '2', '2020-11-03 17:03:19', 'Nihil est voluptatem nisi quo ', 'Ipsum dolor labore quisquam et non aperiam asperiores natus dolor et eos sit distinctio omnis quam consequatur in ut ut iste sit asperiores quasi et sint molestiae similique temporibus suscipit non dignissimos esse repellendus quod sed deleniti neque iusto.', 1, 3),
(17, '1', '2020-06-07 20:13:20', 'Eius vero veniam corrupti faci', 'At architecto facilis laboriosam cum reiciendis commodi delectus consequatur perspiciatis placeat et atque totam illo tempora fugiat doloribus recusandae voluptate unde dolorum temporibus distinctio dolores doloremque qui explicabo rerum labore hic dignissimos itaque cupiditate corporis.', 1, 1),
(18, '1', '2020-11-25 11:56:34', 'Sint exercitationem assumenda ', 'Officiis at cumque blanditiis ut placeat nostrum blanditiis libero nihil ipsum possimus voluptatem quia similique vitae aut aut aspernatur iste voluptatem aspernatur asperiores deleniti vel quia veniam corporis ut possimus voluptas corrupti repudiandae provident deserunt sit vel.', 1, 1),
(19, '2', '2020-10-13 19:33:09', 'Ut unde totam ea nam officia d', 'Quo quae quasi non dolor id hic odio ut qui qui sunt omnis necessitatibus tempore illum qui et ut consequatur sequi sed exercitationem maiores vel dignissimos aut aut magnam quia eaque sint nihil maxime ducimus culpa facilis alias velit est.', 1, 3),
(20, '3', '2021-02-28 17:57:00', 'Illo fugit qui dolorem consequ', 'Quae numquam laboriosam et quidem ipsa animi sunt quasi perspiciatis impedit rerum minima quos est dolor magni voluptatem nam quisquam dolores eligendi qui optio consequatur ut natus voluptatem et magnam quibusdam modi quos consectetur et omnis vitae sed.', 1, 2),
(21, '1', '2020-12-27 04:53:58', 'Esse amet amet et mollitia pla', 'Aut eaque autem laboriosam saepe dignissimos eligendi reprehenderit numquam ipsam dolores rerum consequatur voluptatibus libero molestiae et quos fuga laboriosam ducimus dolores tempora quia ratione veritatis eos est voluptatem quis sapiente explicabo totam asperiores ratione voluptatum atque itaque perferendis rerum.', 1, 2),
(22, '3', '2021-01-13 08:06:38', 'Iste dicta ut nisi dolor in.Qu', 'Provident laudantium dicta molestiae excepturi deleniti esse iusto quis quibusdam natus at natus quo molestias illo cupiditate autem et quidem reprehenderit temporibus porro eligendi sed numquam ea dolor hic aut saepe voluptates qui dolore et.', 1, 2),
(23, '3', '2021-02-24 08:47:47', 'Minima amet reiciendis.Aut vel', 'Est repudiandae architecto blanditiis aut mollitia ipsum hic itaque sit ut modi sit velit delectus consequuntur ut eius sapiente architecto non vel enim architecto qui amet quis at qui qui esse ut hic maiores delectus et enim vel fuga.', 1, 4),
(24, '2', '2020-10-04 08:40:35', 'Porro iusto mollitia natus eli', 'Quasi omnis reiciendis quis voluptatem et velit quos exercitationem aut molestias eius minus nulla temporibus est at repellat enim unde debitis eum quis explicabo veniam et sint minima ea aut et rerum nihil fugiat debitis consequatur et omnis voluptate.', 1, 3),
(25, '2', '2020-09-23 09:17:26', 'Quibusdam nihil unde autem.Vol', 'Voluptatem nobis voluptas enim officia incidunt optio iste voluptas magni sit perferendis voluptatem maxime non et vero error ipsam eveniet facilis ratione numquam officiis dolores quia suscipit voluptatem cum et odio rerum blanditiis facilis ut facere eligendi pariatur.', 1, 1),
(26, '2', '2020-12-06 13:47:24', 'Porro aliquam recusandae eum r', 'Qui sint a sit eum assumenda eum nihil nihil ea quos excepturi eos officia commodi sint sed perspiciatis ut beatae voluptates cum recusandae ut quidem dignissimos quis quibusdam inventore dolores voluptatem magnam quis occaecati maiores voluptatibus nesciunt dolorum.', 2, 10),
(27, '3', '2020-06-06 07:55:28', 'Sequi odit quae ullam officiis', 'Est in officiis ducimus quis beatae omnis sint qui non laudantium qui quibusdam doloribus quia nihil cum corporis similique necessitatibus quo aut enim quis ad sunt itaque quo debitis ea cupiditate eaque molestiae accusamus id.', 2, 6),
(28, '1', '2021-04-23 08:14:52', 'Nobis odit voluptate et velit.', 'Nihil ullam aut eum ut sed quia veritatis qui quasi porro et quos voluptates esse qui quaerat eos qui fugit soluta atque iusto aliquam sunt ducimus minima quo et velit cupiditate est aliquid in sequi nesciunt enim enim beatae.', 2, 11),
(29, '2', '2020-11-04 14:54:00', 'Ratione rem voluptate quo.Sed ', 'Animi aut voluptatibus enim amet totam earum totam rerum veritatis libero earum est quisquam repellat eum sint ipsa omnis quos et sunt molestiae omnis fugiat vel eligendi ea dolores sed voluptas repellat doloribus molestiae quas repellendus ratione.', 2, 25),
(30, '2', '2021-04-16 08:18:57', 'Laboriosam praesentium et impe', 'Aut quia maxime cum nihil amet possimus rem sunt natus accusamus quia ipsam doloremque in aut est nemo ea impedit quam ipsam voluptas nemo ad expedita ipsam iste consequuntur voluptas iusto itaque exercitationem qui perferendis tenetur.', 2, 37),
(31, '1', '2020-09-08 01:15:05', 'Saepe adipisci esse.Doloremque', 'Necessitatibus nostrum unde tenetur iure repellendus nisi architecto eaque laudantium provident ab distinctio perferendis et natus aliquam velit delectus et doloremque iste sed aut est non rerum sunt aperiam quia at voluptates reiciendis ad sunt aut illum.', 2, 26),
(32, '3', '2020-06-26 04:35:11', 'Ducimus sapiente sapiente rem.', 'Iste adipisci sequi voluptatum ea possimus rem porro in dolor et minima eum voluptas minus ratione enim ut vel deserunt eos ea rerum magnam voluptatem aut nihil veniam voluptas nulla at dolorum magnam maxime inventore et voluptas sint.', 2, 36),
(33, '3', '2021-01-07 15:13:38', 'Ut architecto est nesciunt nos', 'Animi sint animi ratione non praesentium eaque quia eveniet saepe est ullam cum dignissimos nostrum tempora sequi id sunt distinctio voluptate autem nulla quia suscipit eaque nobis veniam est explicabo eum aut aut qui ut fugiat corrupti sit.', 2, 19),
(34, '3', '2020-10-23 01:15:12', 'Voluptatum dignissimos aliquam', 'Voluptatem nihil ipsam aut voluptatem soluta vel ut velit dolores atque sunt sapiente possimus saepe ratione enim eveniet sunt aperiam doloribus sint fugit culpa vero incidunt fugit velit sed aut accusantium voluptatem et qui dolore.', 2, 16),
(35, '3', '2021-05-07 14:01:05', 'Unde consequatur aut nobis et ', 'Nihil assumenda quidem non eveniet consequatur itaque ut ut in animi qui iste nesciunt non ratione eveniet aut non dolor harum id veritatis excepturi quis error dolor neque perspiciatis illo est dolor sunt nostrum minus nihil quis repudiandae doloremque.', 2, 13),
(36, '3', '2020-06-17 18:10:45', 'Ut vitae autem minus consectet', 'Atque qui maxime consequatur amet vero enim iure itaque omnis repellendus est voluptatum sunt dolorem id molestiae quis aut et harum explicabo eos qui illum animi dolor tempora quod laboriosam doloremque pariatur rerum fugit omnis repellat quo perspiciatis unde non.', 2, 29),
(37, '1', '2020-10-31 08:25:46', 'Aut unde totam sed velit quo.V', 'Delectus ullam aliquid perspiciatis quia earum consequuntur aut consequuntur accusantium reiciendis corporis sed et voluptatem aut eum quia molestiae autem eum vitae quis facere molestias voluptatibus non ut libero laboriosam sed hic repellendus earum est quis culpa.', 2, 19),
(38, '2', '2020-08-10 14:52:10', 'Earum aut et commodi tempora.R', 'Consectetur voluptates qui at fugit sed voluptate ut consequatur dolor voluptas quae autem eveniet voluptatem id velit exercitationem sed nemo odio voluptatem rerum est non qui similique corrupti eaque molestiae optio nesciunt quis autem dolorem non veniam facilis inventore.', 2, 2),
(39, '2', '2021-02-17 10:36:41', 'Dolor sit voluptate et et.Quia', 'Rerum officiis mollitia iste aut error et amet est minima ea et ex tenetur et ratione et aut enim inventore saepe voluptatem et nobis illo et voluptas natus ad est ratione nesciunt illum nesciunt nihil necessitatibus a quos.', 2, 33),
(40, '2', '2021-02-23 10:43:22', 'Labore ut exercitationem neces', 'Quo atque incidunt delectus ut odit repellat necessitatibus tenetur officiis labore molestiae veniam et deleniti quos ut ipsam qui incidunt ut voluptatem illum molestiae veritatis velit cum et fugit rerum a alias nemo dolores aliquam ab qui saepe ut.', 2, 39),
(41, '3', '2020-09-30 22:34:51', 'Deserunt est fugit.Vel volupta', 'Autem dolor repellat exercitationem voluptatem ea molestiae officiis ea debitis reprehenderit numquam fugiat nisi ut sapiente accusamus blanditiis aut beatae libero voluptatem possimus dignissimos iusto tenetur vero qui voluptate nemo et minima rerum eveniet quis eaque aliquam excepturi.', 2, 16),
(42, '2', '2020-11-28 08:22:33', 'Tenetur laboriosam commodi.Deb', 'Odit aut nemo et recusandae architecto et id error corrupti deleniti nihil minima maiores quia beatae nam consequatur odit quo aperiam consectetur hic earum molestias provident eum ipsam et accusamus eum ipsam illo dignissimos voluptatem nam explicabo cum rerum sed.', 2, 30),
(43, '3', '2020-09-01 08:08:12', 'Quam consequatur asperiores na', 'Aspernatur temporibus deserunt asperiores adipisci ipsum excepturi quis esse pariatur voluptas qui voluptatem suscipit deleniti expedita et nesciunt similique molestiae rerum sunt nihil quo non non expedita pariatur adipisci aut ut sit voluptatem dignissimos et amet expedita molestiae minima quia.', 2, 26),
(44, '2', '2020-12-01 07:07:05', 'Pariatur similique ducimus sit', 'Omnis est cupiditate blanditiis atque dolorem unde consectetur commodi voluptate aspernatur distinctio ipsa voluptas quasi dicta magni laboriosam sequi perferendis cupiditate minus qui nulla tempore omnis cumque beatae rerum ipsa dolor qui aut deleniti hic repellendus non sequi temporibus.', 2, 28),
(45, '1', '2020-06-03 14:28:20', 'Aperiam tenetur vitae et facil', 'Doloribus voluptas quia provident aut expedita repellat est qui et sit enim consequatur ducimus vero sed repellat et aliquid praesentium ipsa perferendis similique repellendus facilis voluptate harum ea fugit unde expedita vero ullam blanditiis tempore voluptas.', 2, 32),
(46, '1', '2021-01-01 21:28:15', 'Dolor pariatur et.Totam invent', 'Molestias consequatur et saepe qui mollitia soluta doloribus esse odit sint ad unde cumque totam id facere unde necessitatibus similique exercitationem expedita est fugiat labore magni fugit dignissimos sequi quasi laudantium necessitatibus ea ducimus quis.', 2, 18),
(47, '1', '2021-01-27 15:45:42', 'Et qui iusto est distinctio.Ut', 'Nisi cupiditate cupiditate impedit sint nisi vel eos nobis dolor dicta et doloremque ullam voluptate velit voluptate fuga voluptas accusantium cupiditate velit perferendis ut ab ut animi ut et et in non ut animi quod aut.', 2, 39),
(48, '3', '2020-07-08 10:20:01', 'Voluptatem tempore est et et a', 'Praesentium beatae reiciendis ut vitae quibusdam et et commodi saepe libero excepturi labore nesciunt fuga harum impedit quam alias ut omnis laudantium temporibus doloribus ea ut omnis fugit nesciunt reiciendis minus expedita porro est illum architecto.', 2, 16),
(49, '2', '2020-10-06 10:13:39', 'Sed possimus consectetur qui.P', 'Sint deleniti sunt odit magnam ut eius dolorem nostrum sint aut laudantium rerum necessitatibus id ea sapiente harum ipsum est et autem earum totam sequi harum corporis nam qui ut molestiae eum libero reiciendis deleniti.', 2, 8),
(50, '2', '2021-03-26 09:39:49', 'In debitis quae quo quia tempo', 'Reprehenderit sapiente ratione qui omnis omnis ut explicabo dolorem eos quam et expedita voluptatem voluptatem rerum nostrum consequatur doloribus ratione error consequatur inventore necessitatibus adipisci minus consequuntur nostrum pariatur unde beatae consectetur animi nihil sunt ut est error sapiente.', 2, 20),
(51, '1', '2020-10-10 03:23:37', 'Ad quia at ullam qui velit del', 'Autem culpa quod quidem dolor rerum voluptatem omnis quia atque incidunt ipsum vero cum necessitatibus consequatur provident nisi sapiente autem eos quae accusantium aut vitae optio consectetur repudiandae soluta sapiente qui possimus enim alias est sed nihil exercitationem sed.', 3, 8),
(52, '1', '2020-06-14 01:05:03', 'Minima fugit excepturi.Sint vo', 'Et tenetur nemo facilis placeat reiciendis error ab sunt accusantium vitae et ducimus doloribus sunt ipsum ea in laudantium non id quisquam qui exercitationem quia quam eaque ut est rem similique aut quos sed enim nam.', 3, 10),
(53, '1', '2021-03-24 18:39:27', 'Quia rerum quibusdam impedit v', 'Nulla occaecati et reiciendis excepturi itaque quas ut qui consequatur quo harum ipsa harum tempora magni ullam ipsam numquam sapiente quisquam asperiores fuga velit sed ut maiores tempora qui ipsa eaque adipisci aut et rerum qui quisquam asperiores totam.', 3, 25),
(54, '3', '2021-03-27 15:19:18', 'Eveniet consequatur ut quidem ', 'Pariatur harum est eos iure voluptatem sunt suscipit eius et eum non necessitatibus nihil ipsum et ipsa labore odio architecto ipsum debitis vero libero porro non velit optio nemo consequatur soluta qui aperiam iure ullam.', 3, 5),
(55, '3', '2021-03-31 02:26:15', 'Aut quia distinctio vitae mole', 'A rerum illo dolor tempora et ab eum est id qui quis fugiat eligendi commodi velit ut voluptatem hic omnis et similique consectetur exercitationem magni ut omnis facilis consectetur tenetur omnis optio modi dolorem ipsum velit.', 3, 26),
(56, '2', '2020-11-18 04:57:41', 'Aspernatur voluptatibus magnam', 'Est rerum perferendis eveniet voluptate minus aliquam quis accusantium hic explicabo sed quidem officia est debitis quisquam fugit voluptate error sapiente quod aut atque suscipit ea enim accusamus sint repudiandae id ut eius qui aut autem quaerat iure dolorum.', 3, 28),
(57, '1', '2021-02-25 00:40:11', 'Distinctio asperiores facilis ', 'Voluptate libero quam voluptatem et deserunt nesciunt rerum ducimus quas non perferendis iure veniam commodi ipsa consequatur quo illo tempora mollitia et dolores aut amet magnam ipsa ab iste ut autem molestias ut qui illum rem enim pariatur est.', 3, 33),
(58, '2', '2020-08-03 14:18:04', 'Ut dolores vitae.Maxime fugit ', 'Voluptatem dicta impedit officia labore a vero et qui sit a qui maiores quas reprehenderit error ea sed asperiores reiciendis sed ut nihil aspernatur voluptas accusamus perspiciatis est saepe repellendus aut harum laudantium excepturi non voluptate.', 3, 1),
(59, '3', '2021-05-14 08:43:16', 'Sed reprehenderit quia dolorem', 'Ipsum architecto et et est eos cumque ea eos dicta numquam omnis quasi expedita velit et laboriosam sed magni impedit iste debitis non maiores nihil impedit voluptatibus velit ipsum qui perspiciatis eius ut et quisquam non ratione.', 3, 32),
(60, '2', '2021-05-26 08:19:39', 'Delectus labore ipsum hic sit.', 'Sunt qui consectetur quia architecto hic doloremque amet rem adipisci eveniet dolores esse ut qui aut minus dolorem ea distinctio tenetur eos adipisci animi quas ut est quaerat quaerat porro ut aut eum nam culpa possimus perspiciatis.', 3, 13),
(61, '2', '2020-09-10 08:41:17', 'Facere qui rem exercitationem.', 'Dolores mollitia necessitatibus impedit commodi voluptates pariatur amet illo laudantium voluptatibus minus dolor veritatis voluptatem deleniti tempore dignissimos incidunt tenetur aliquam ab sapiente quod provident iure tempore perferendis sed molestiae quia quia repellendus vel voluptatum commodi.', 3, 3),
(62, '1', '2020-10-28 01:48:12', 'Iste non in et in.Suscipit cul', 'Nulla repellendus necessitatibus ut consequatur adipisci id nesciunt dolorum nisi placeat voluptatem occaecati ut eos et cum quia nihil quo eaque neque qui iusto autem aut debitis vitae mollitia ratione culpa similique eum sunt quisquam et sed iste.', 3, 24),
(63, '3', '2020-09-26 13:15:39', 'Molestiae nobis aut ipsam quae', 'Ut et et voluptatum impedit ipsa tempora impedit doloremque quis beatae odit rerum beatae harum fugit ea qui rerum et vel nihil est enim voluptatem fuga impedit illo ut minus fugit excepturi libero voluptatem est.', 3, 41),
(64, '3', '2020-10-01 05:52:19', 'Ad a vel blanditiis.Voluptatem', 'Incidunt et laboriosam ad harum quasi numquam id natus dolore minus voluptatem nisi sed unde voluptas quo repellat expedita magni quod deleniti sed et magni nihil dolor qui vero recusandae est dignissimos tenetur molestiae minus dolore debitis quidem qui.', 3, 27),
(65, '3', '2021-01-12 17:21:31', 'Quae autem praesentium qui.Dol', 'Accusamus occaecati magnam eligendi atque tempore in fugit quo quia est beatae velit error et eligendi culpa magni reprehenderit laudantium expedita harum quis impedit eligendi consequatur sed vitae voluptas magni sapiente et architecto rerum eligendi et et iusto esse.', 3, 7),
(66, '1', '2021-04-03 07:01:16', 'Distinctio veritatis voluptate', 'Reprehenderit iure in id consequatur sunt consectetur non similique eos vitae et facere et at explicabo nisi ullam quasi voluptatem eaque inventore quas ut nihil quos hic facilis officiis in itaque sed dignissimos temporibus repudiandae possimus molestias veniam.', 3, 22),
(67, '2', '2020-12-09 16:47:07', 'Veniam aut delectus quasi.Temp', 'Eum praesentium aut est reprehenderit temporibus animi beatae laboriosam aut incidunt voluptatum aut sapiente reprehenderit autem sed suscipit mollitia dolorum recusandae id a vero est hic ad id perspiciatis in ut molestiae magnam ipsam doloremque consequatur.', 3, 17),
(68, '1', '2020-08-12 03:23:22', 'Libero facilis officiis incidu', 'Rerum magnam et iusto voluptatem vero ipsam inventore in et suscipit qui reiciendis consequatur et suscipit est deserunt aliquam et porro aut est culpa voluptatem vel aliquid magni non qui maiores quibusdam iste iure veniam omnis maxime iure.', 3, 22),
(69, '2', '2020-10-04 06:37:54', 'Quo dignissimos dolore earum i', 'Totam iusto nesciunt qui provident porro corrupti vel architecto provident dolor fugiat aperiam qui qui nihil eum quia qui autem dolor et error ex hic eaque qui molestiae minima reiciendis dignissimos eum corrupti similique quia autem iste in consectetur natus.', 3, 40),
(70, '2', '2020-12-11 13:01:47', 'Nam sapiente impedit quasi fug', 'Sit est perspiciatis quis quia et hic minima deleniti numquam nostrum quo et et autem quia facilis mollitia aspernatur ea totam aut dicta architecto quo officia fuga inventore vel voluptas aut error tenetur est praesentium ex earum commodi dolore et.', 3, 3),
(71, '1', '2020-10-13 03:01:20', 'Fugit aliquam et id velit iure', 'Sequi aut nisi et recusandae exercitationem reprehenderit a eius expedita nam adipisci eaque voluptas aperiam voluptas dolores architecto aut debitis sed enim eos vitae magni expedita architecto voluptate autem eaque cum nemo quasi odio laudantium enim omnis.', 3, 26),
(72, '1', '2021-04-14 10:05:29', 'Excepturi quia molestiae ipsam', 'Odit minima incidunt voluptas qui sed voluptatem est sed voluptate possimus consequatur modi velit esse dolorem doloribus vel consequatur consequatur vitae debitis veniam velit saepe error vero adipisci omnis harum expedita debitis aperiam ipsum ut aspernatur et sapiente non hic.', 3, 2),
(73, '2', '2020-09-23 05:32:23', 'Odit et sed laboriosam accusam', 'Reiciendis saepe hic est vero sint voluptatum cupiditate necessitatibus nulla voluptates nam dolorem officia voluptatum quia doloribus at aut voluptates officiis eaque id quo numquam nobis repudiandae aut ipsam molestiae atque doloribus aut pariatur culpa perferendis laborum velit doloremque porro.', 3, 20),
(74, '1', '2021-03-10 16:15:21', 'Repellendus sint iusto eveniet', 'Alias nisi porro aut ipsa harum dolor necessitatibus quo aperiam est dolorem vitae quos autem nam beatae ducimus sunt accusamus eius quasi tenetur praesentium ea architecto rem molestias dolores velit laboriosam accusamus tenetur fuga aperiam perspiciatis quia laudantium.', 3, 25),
(75, '3', '2020-12-23 22:18:37', 'Ut blanditiis ullam aliquid.Et', 'Et hic ab ab dolor aut et et eos molestiae qui rem non repellendus id et odit soluta consequatur enim atque provident sint neque cumque architecto aut et explicabo sint quam quo perferendis iure consectetur alias.', 3, 20),
(76, '1', '2021-05-08 01:20:06', 'Et id labore in.Sunt corporis ', 'Qui iste ut maxime at eos incidunt temporibus quidem aperiam excepturi corrupti saepe voluptatem excepturi rerum ut praesentium aut corporis non aut et ratione harum explicabo ut sint ipsum temporibus delectus rerum possimus est quasi sunt libero unde qui delectus.', 4, 32),
(77, '2', '2020-08-13 05:20:56', 'Dicta distinctio culpa ea illu', 'Tempora praesentium tempore voluptatem repellendus enim eligendi doloribus ipsa dolorum molestiae magni vero voluptatem amet ut sit neque quaerat accusamus architecto quisquam et voluptatem praesentium magnam tenetur ducimus similique fugiat minus fugiat dolores totam consequatur est nihil atque voluptatibus.', 4, 8),
(78, '3', '2020-10-28 13:05:04', 'Modi est odio exercitationem a', 'Illum cumque dicta veritatis sit qui sint excepturi esse quos voluptatem non veniam doloribus est facilis inventore repudiandae dignissimos et dolorem fugiat expedita cupiditate qui recusandae error distinctio mollitia modi eaque nam iusto sit rerum est ut autem aut.', 4, 29),
(79, '3', '2020-11-30 14:13:19', 'Iure quas perferendis saepe au', 'Et atque est qui corrupti ea minus nam voluptas dolore recusandae ipsam voluptas magni consequatur modi sed illum accusantium neque sit eos ullam hic sed veritatis laboriosam dolorem voluptatem nam sit quia aut eum ut ea qui.', 4, 23),
(80, '3', '2021-04-29 10:15:13', 'Tenetur dolores qui et nam.Hic', 'Similique distinctio repellendus nobis ratione et repellat consequatur quia dolores qui sunt ut pariatur exercitationem quis occaecati quae aut aut aliquam atque praesentium ut soluta ratione officiis odit illo sed praesentium quas et aliquam tempora consequatur placeat.', 4, 29),
(81, '3', '2020-08-24 20:50:17', 'Et ut ducimus similique corpor', 'Corrupti cumque commodi autem eius ducimus quia dolores quis cum neque et non sit nam aspernatur dolores illo in perspiciatis distinctio ut reiciendis amet omnis asperiores libero dolorem qui et deserunt qui aut exercitationem labore sit.', 4, 10),
(82, '2', '2021-05-12 05:34:03', 'Eaque dolorem ipsa quas id ill', 'Rem quia nisi culpa praesentium earum veritatis aspernatur illum rerum eos distinctio quisquam dolorum qui rerum est illo quia quod et aliquam aut reiciendis veniam non at officiis et cupiditate necessitatibus qui fugit sequi enim sequi quisquam.', 4, 31),
(83, '1', '2021-02-23 16:56:35', 'Et unde ut in hic eius repella', 'Aut repellendus voluptatem dolores ipsa at quisquam nesciunt odio unde et adipisci facilis molestiae excepturi sed sed et quisquam vitae eius nisi quis quod voluptatem iste et molestiae recusandae quo officiis culpa omnis atque nemo.', 4, 16),
(84, '2', '2020-06-13 05:51:52', 'Saepe provident facere nisi a ', 'Labore ex rerum commodi sequi distinctio enim porro sit assumenda nam facere omnis deleniti ab et aliquid dolore culpa vel delectus quae qui asperiores quod sed exercitationem voluptas ut et sapiente ab velit fuga iste harum nobis perspiciatis.', 4, 5),
(85, '2', '2020-10-08 04:32:52', 'Incidunt cum optio quia aliqua', 'Aut et a sit nam dignissimos minima voluptatum non et nihil nisi itaque quam explicabo earum quaerat animi quod nesciunt voluptatem qui provident ut voluptates et libero maxime quis enim totam reprehenderit ea dolorum illo porro rerum repellendus quae eius.', 4, 40),
(86, '1', '2021-05-02 16:18:16', 'Officia amet quia et nesciunt ', 'Voluptatem cum architecto earum optio aut saepe quia maxime et voluptatem repellendus magni rerum voluptas fugit illum at placeat incidunt aliquam explicabo mollitia quia quidem corrupti laudantium laboriosam fuga dolore et facere quod aut in commodi voluptatem esse voluptas minima.', 4, 8),
(87, '3', '2020-12-30 19:49:58', 'Vel quibusdam enim.Velit verit', 'Aliquid earum et consequatur tempore veritatis odio suscipit cupiditate neque beatae est beatae rerum iusto qui dolorem eos perspiciatis sed quam sequi et expedita libero quisquam adipisci nulla est sed omnis occaecati necessitatibus cupiditate eos qui optio sed.', 4, 32),
(88, '1', '2020-11-15 14:58:47', 'Ipsum rerum sequi alias omnis.', 'Est doloribus quo optio impedit porro quis ut qui architecto magni consequatur ipsa dignissimos consectetur ut error sapiente iusto omnis deleniti aut repellat officiis facere nemo repellat est eligendi placeat qui exercitationem deserunt reprehenderit quo eos beatae.', 4, 3),
(89, '3', '2021-03-24 19:16:22', 'Et voluptates ea laudantium.Do', 'Rerum temporibus commodi eius corporis ad voluptates commodi sed voluptas aut molestias excepturi alias sequi eos sunt porro reiciendis odio esse voluptatem ducimus et odit doloremque id veritatis et eaque voluptatum optio eveniet debitis exercitationem et.', 4, 44),
(90, '2', '2020-12-19 08:43:46', 'Repellendus aut tenetur hic vo', 'Ut explicabo in nemo id possimus repellendus praesentium vitae enim doloremque earum dolor et aperiam dolorem qui consequuntur fugit vel accusantium minus ratione voluptates modi ea cupiditate quo deserunt quia at esse omnis temporibus et laboriosam in.', 4, 2),
(91, '1', '2021-01-12 04:12:21', 'Consequatur consequatur quisqu', 'Officia saepe repellat vitae hic magnam distinctio assumenda recusandae natus recusandae sed ipsa placeat rerum minima rerum laudantium quisquam sint quas sit natus consectetur neque dignissimos est voluptas ut qui commodi velit dolores molestiae et consectetur est voluptatibus voluptates non.', 4, 5),
(92, '2', '2021-01-16 16:53:38', 'Quia ut quibusdam.Sed ea dolor', 'Tenetur cupiditate totam labore architecto dolor nam blanditiis et et consequatur non omnis voluptatibus sint maiores unde ut est incidunt aliquid assumenda nobis dolores quo quibusdam repudiandae inventore molestias dolores eveniet quam sit magni odio alias optio.', 4, 32),
(93, '1', '2021-05-18 02:08:50', 'Sed ut rerum.In aut culpa corr', 'Ratione similique est adipisci ut eaque excepturi perferendis qui ex recusandae magnam assumenda repellat eum aut exercitationem voluptas ab quos saepe delectus vel explicabo id omnis similique cumque natus fuga placeat deleniti et facilis et iure error eos tenetur.', 4, 23),
(94, '1', '2020-08-27 15:22:30', 'Molestiae totam autem.Et qui i', 'Est reprehenderit distinctio dolorem et accusamus exercitationem quia mollitia inventore numquam cumque commodi tempora debitis magnam aut ut aspernatur et possimus nihil assumenda occaecati autem fugit officia repudiandae est minima et aut dolor labore quos sequi repudiandae.', 4, 7),
(95, '3', '2020-09-06 16:14:07', 'Qui aut a sequi ipsum omnis co', 'Aliquam aliquid sint quas veniam et ab doloremque assumenda adipisci odio odit culpa et cumque id et aspernatur asperiores iure consequatur maiores velit totam magnam at eos facilis non odio fuga dicta quia cum provident magnam voluptatem quaerat occaecati similique.', 4, 38),
(96, '3', '2020-08-30 07:04:04', 'Numquam ratione quo ut consequ', 'Doloremque ut magnam molestias eligendi qui est qui porro voluptate corrupti quo a nobis consequatur et ut velit asperiores perferendis libero sed temporibus quia qui expedita ut eaque amet non voluptate veritatis molestiae ullam nesciunt quidem.', 4, 6),
(97, '2', '2020-08-08 14:42:48', 'Et et maiores similique conseq', 'Alias ipsam qui et eligendi dolorum voluptas illum et blanditiis ex harum aut recusandae et nihil omnis aliquid dolorem quasi ea eveniet soluta quia dolor nulla autem omnis omnis vel earum voluptatem voluptatum dolorum sint eum ullam quis id quae.', 4, 34),
(98, '1', '2021-03-26 04:10:46', 'Beatae numquam nobis.Est incid', 'Repudiandae quis doloribus est inventore nemo laborum est atque minima debitis dolorem qui distinctio autem ut et voluptatibus sed quis facilis sequi et quas ipsa animi corrupti neque veritatis vel sit ut mollitia delectus eius necessitatibus neque qui dolore magnam.', 4, 5),
(99, '1', '2020-08-27 08:36:44', 'Repellendus quam blanditiis et', 'Nihil sapiente voluptatum dolorem dolore reprehenderit commodi ab neque voluptatem sit distinctio et nihil temporibus omnis aspernatur velit laboriosam qui dicta quo temporibus ipsum in eos earum distinctio deleniti quis facilis qui at ut eligendi pariatur mollitia consequatur in beatae.', 4, 11),
(100, '2', '2021-02-26 21:17:05', 'Voluptas in nostrum.Quibusdam ', 'Et ea consequatur et et doloribus eligendi nihil fuga optio ipsa occaecati atque sunt rem in similique saepe non asperiores quae esse est et perspiciatis voluptatem quam et deserunt occaecati quia incidunt quisquam ipsa ipsum temporibus repudiandae ut dolor quae.', 4, 11),
(101, '3', '2021-01-15 14:10:55', 'Consectetur est et placeat mol', 'Rerum magnam pariatur ex aliquam distinctio nobis et minima et et delectus tempore molestias vel distinctio quia impedit sint ab ut vel voluptatum consequatur eligendi minima eaque molestiae qui ratione quisquam sunt voluptatem exercitationem corrupti distinctio itaque veritatis.', 5, 36),
(102, '2', '2021-02-25 02:41:08', 'Dolorem omnis adipisci enim re', 'Quia voluptatem provident placeat alias ipsa quia maiores et sit ipsa eius assumenda recusandae et placeat quaerat dolore cupiditate repellendus et voluptas ratione qui ullam maiores excepturi temporibus saepe minus dignissimos suscipit officia aut soluta odit.', 5, 18),
(103, '1', '2020-10-09 05:17:29', 'Et dicta ab aliquid nihil cum.', 'Qui sit exercitationem corporis maxime dolorem temporibus mollitia aut dolorem quos magnam hic quia et perspiciatis id sint quae deleniti tempora quis libero numquam numquam neque maxime iusto qui vel voluptatem consequatur quo facilis non.', 5, 15),
(104, '2', '2021-04-06 16:34:22', 'Enim inventore amet eaque vel ', 'Quisquam dolore non enim dolorem aperiam beatae repudiandae unde amet consequuntur iste quis quia quia consequatur explicabo suscipit voluptatem eius dicta minima est sunt optio animi dolorum cumque officia molestias amet consequatur commodi magnam aut distinctio sunt sunt et.', 5, 49),
(105, '3', '2021-01-19 10:00:50', 'At ex magnam.Hic velit debitis', 'Ab ut voluptates illum est laboriosam optio aut nulla eaque perspiciatis accusamus voluptas et labore et quibusdam aliquam animi non assumenda laborum ex hic magnam ut velit quae cupiditate sunt alias id occaecati molestiae hic facilis hic ducimus.', 5, 15),
(106, '1', '2021-03-24 22:55:55', 'Facilis ut ullam.Est alias qui', 'Nam qui ratione explicabo sit nulla nihil placeat eum ullam quo rerum sint est aut voluptas expedita ratione velit et officiis blanditiis sunt cumque beatae cumque excepturi exercitationem reiciendis expedita consequuntur sed provident adipisci et.', 5, 43),
(107, '1', '2021-02-18 22:12:46', 'Eum ut porro quia nobis repudi', 'Earum vero debitis qui et impedit quam aut voluptates enim in quas et reprehenderit aspernatur sunt non aut laboriosam quam magnam minima cum nobis dolor dignissimos officia dolores nihil cum explicabo illo et asperiores ex cumque.', 5, 19),
(108, '3', '2020-10-02 03:16:14', 'Laboriosam dolores aut expedit', 'Est accusantium laborum facilis architecto qui sunt omnis tempora assumenda velit est voluptatem beatae quod quis nobis voluptatem atque recusandae qui nobis doloribus qui voluptatem laudantium exercitationem aut aut et et velit voluptatem officiis quia deleniti minus facilis.', 5, 48),
(109, '3', '2020-05-29 15:00:55', 'Consectetur harum laborum itaq', 'Et aut neque neque natus cum ut autem dignissimos rerum commodi eligendi laboriosam quis labore ipsam incidunt ullam recusandae nam error praesentium eum placeat dolor autem tenetur eveniet quis reprehenderit et in et ut corporis earum sint eos aperiam.', 5, 9),
(110, '3', '2020-07-29 15:55:33', 'Aut quasi suscipit illum et qu', 'Incidunt eaque aut qui minima vel quia enim accusantium dolor voluptas sint harum expedita autem autem exercitationem culpa voluptas facere deleniti ullam sit esse et distinctio adipisci et eum eius veniam cupiditate est odio maxime laudantium cumque dignissimos.', 5, 26),
(111, '2', '2020-08-08 11:16:02', 'Ab quas fugiat corporis deleni', 'Animi ex veniam sunt molestias consequatur ab doloribus temporibus ratione delectus et rem non aut reprehenderit atque minus corporis dicta dolorem rerum incidunt in ipsa qui voluptas voluptatem in veritatis dolor sunt officia quas placeat eum debitis culpa cumque et.', 5, 49),
(112, '2', '2021-03-03 01:01:38', 'Porro est illo ut.Blanditiis d', 'Accusamus harum a qui saepe consequatur distinctio nemo earum odio mollitia consequatur impedit saepe est dolore pariatur sint enim voluptatem est ut maiores ab voluptas a mollitia excepturi quisquam sunt cum quo dolorem vel unde illo cupiditate.', 5, 25),
(113, '3', '2020-11-16 16:12:20', 'Repellat nesciunt quasi et.Est', 'Voluptatum qui voluptatem aut laboriosam minus tempore nostrum quasi voluptates libero unde magnam a adipisci molestias est enim sint voluptate quod tempore ea assumenda nam voluptate dolor vel est aut illum quisquam et sed earum excepturi quae.', 5, 8),
(114, '2', '2021-04-26 04:48:40', 'Rerum mollitia eos mollitia ni', 'Minus soluta nam aut ut vitae delectus nobis facere id qui distinctio vel quia repudiandae dolor est molestiae vel reiciendis porro odit totam non accusamus consectetur illo vitae exercitationem voluptate modi quia ut eum eveniet ad nam atque hic delectus.', 5, 35),
(115, '3', '2020-08-20 00:29:28', 'Magnam facilis pariatur.Et vol', 'Dicta inventore optio maiores quibusdam incidunt fuga quibusdam perferendis fuga sunt et qui ex velit neque corporis voluptatem sed veritatis ut velit aspernatur quia et sit rerum vel dignissimos natus nobis libero ipsam sunt aperiam rem nihil excepturi non.', 5, 34),
(116, '1', '2021-05-06 10:02:50', 'Consectetur corrupti alias mol', 'Laboriosam nihil totam et rerum molestiae at et odit molestias voluptatem tempora ea molestiae temporibus inventore suscipit vero animi omnis temporibus error molestiae ab sed voluptas repudiandae tenetur ut quas et sit excepturi rerum atque quia ducimus dolorem eum occaecati.', 5, 51),
(117, '2', '2020-10-05 06:37:28', 'Asperiores vero dolores possim', 'Consequatur et in natus quaerat dolorum dignissimos et expedita alias illum sed impedit quia architecto porro consequuntur suscipit dolorem est accusamus qui consectetur aut omnis autem ut perspiciatis excepturi illo quis voluptatibus est rerum odit est.', 5, 22),
(118, '2', '2020-09-26 03:28:19', 'Dolores adipisci qui.Sunt anim', 'Laborum voluptas voluptate in et optio aut optio neque ea ut aut est sunt voluptatem ex quia culpa ipsa est nobis unde et occaecati ex nulla id quasi consequatur qui rem officiis in cumque eveniet ut enim ex dolor.', 5, 42),
(119, '1', '2021-02-12 04:56:07', 'Eum voluptatem consequatur sit', 'Nulla quia quibusdam dolores dolorem vel aspernatur sint dignissimos quidem nostrum eos eligendi quis necessitatibus aut at provident perspiciatis possimus possimus repellendus molestiae qui ut repellendus natus voluptatem nulla voluptatibus nesciunt magni quod eum et non.', 5, 7),
(120, '1', '2020-08-31 08:06:26', 'Sit et expedita molestiae reru', 'Nemo molestias molestiae officia explicabo magni dolorem soluta excepturi expedita minus sunt non ea neque sit asperiores magnam sed error qui dolore suscipit et velit consectetur eius omnis omnis nulla odio illum quaerat voluptates quibusdam eos aliquam.', 5, 11),
(121, '1', '2021-01-28 12:25:31', 'Voluptatem laboriosam veniam.E', 'Repudiandae ullam eum in eos perferendis voluptas pariatur rerum tempora ratione aut mollitia fugit magni iste doloribus alias minus eius adipisci incidunt vero iure non cumque sed quibusdam non totam omnis eum illo est dignissimos aut.', 5, 11),
(122, '1', '2021-01-18 13:50:45', 'Ex qui accusamus aspernatur be', 'Fuga consequatur unde temporibus voluptatum enim voluptatem illo praesentium suscipit ipsa incidunt modi ex quasi a quia quae beatae aut sed ex commodi dolorum qui vel ad enim et voluptatem et tempore dolorum non hic et officia at.', 5, 39),
(123, '2', '2020-10-04 13:25:37', 'Earum qui velit voluptas venia', 'Illum quo quo commodi quibusdam voluptatem labore eveniet nihil aliquid autem commodi eaque perferendis ut dolor ipsum ipsa culpa rerum dicta fugiat accusamus voluptatum ut consequatur architecto similique commodi sit eaque facilis architecto vitae sed.', 5, 45),
(124, '3', '2020-06-09 00:20:25', 'Sunt sint velit saepe ea.Cumqu', 'Illo rerum velit eveniet est rem corporis corporis consequatur enim rerum et excepturi fuga eum culpa consequatur ut soluta soluta provident architecto maxime vel id repudiandae ut corrupti possimus voluptas tempora inventore voluptas et illo eligendi dignissimos.', 5, 8),
(125, '2', '2021-05-03 13:24:09', 'Ipsa architecto maiores.Possim', 'Est earum possimus assumenda sed numquam nesciunt id autem aut itaque similique expedita consectetur aliquam odit totam consequatur impedit qui autem perspiciatis mollitia voluptatem pariatur nihil aut voluptatem id eligendi molestias qui vero aperiam sed possimus.', 5, 46),
(126, '2', '2020-08-03 12:45:19', 'Ullam quibusdam alias.Ea molli', 'Accusantium porro dolor aut accusamus occaecati non magnam sed molestiae dolorum voluptas autem excepturi eveniet quam nam soluta dolor perspiciatis ut cupiditate sequi maiores omnis dolor qui est dignissimos aut corporis deserunt doloremque et natus fuga.', 6, 41),
(127, '2', '2021-04-25 17:16:53', 'Nemo rerum quo.Quaerat numquam', 'Ut et et omnis corporis amet officiis blanditiis voluptate facere earum saepe est quam qui et rerum qui ex voluptas qui labore quae quos aliquid ut repellendus quibusdam aliquid aut velit sint ab consequatur qui laudantium.', 6, 16),
(128, '3', '2021-03-13 20:17:50', 'Temporibus sit corporis volupt', 'Commodi tenetur cupiditate et facilis minus harum alias laudantium sequi est est eaque error repudiandae quis omnis rerum eveniet enim ipsam esse natus est pariatur ipsum ut quia nemo qui dolor doloremque omnis et ut.', 6, 42),
(129, '3', '2020-06-12 17:57:58', 'Nemo sit quae ducimus.Corporis', 'Dignissimos vero sapiente eum ducimus unde repudiandae dolor perspiciatis qui perferendis at laborum ab velit quia est perferendis necessitatibus quam facilis ea nihil quasi sunt sed reprehenderit debitis ut velit quam ipsum reiciendis fugiat vel aspernatur id dolorem iste reprehenderit.', 6, 25),
(130, '3', '2020-11-29 07:53:44', 'Repudiandae vitae veritatis.Vo', 'Dolor quasi eveniet est praesentium enim dolores tenetur sit iusto et occaecati perferendis amet vel quo omnis minus eaque est quo molestiae quia labore aut quia rerum suscipit doloremque ullam est enim enim minima natus molestiae ea.', 6, 23),
(131, '2', '2020-10-21 00:23:04', 'Rerum vel aut at quos sit pari', 'Quidem doloribus cum delectus mollitia quas beatae voluptas aliquam itaque quasi rerum animi ab velit ab omnis omnis maxime est et aut sit repellat incidunt ad voluptas molestiae veniam vel excepturi soluta repudiandae minus tempora ex voluptatem error impedit nihil.', 6, 30),
(132, '2', '2021-04-26 14:00:54', 'Minima voluptatem non aut labo', 'Veniam nobis nesciunt omnis delectus voluptas enim qui ut temporibus ut eos corporis est nemo quia nisi cumque ut iure expedita esse velit labore sunt rem id et atque ab officia deserunt quis similique quia tempora qui repellendus laboriosam aut.', 6, 6),
(133, '3', '2021-05-08 12:18:23', 'Fuga accusamus dolorem laudant', 'Corporis consequatur dolorem ut quam fuga et adipisci assumenda rem blanditiis aperiam et ea praesentium et neque ut temporibus vitae ut fugit veritatis debitis et recusandae rerum magni est nisi sunt voluptatem qui corrupti minus quae ut.', 6, 22),
(134, '2', '2020-07-20 11:23:36', 'Sequi et officiis similique.Fu', 'Voluptas quo debitis voluptas eveniet odit voluptatem fugit et rerum nostrum similique et aperiam natus labore sint quo veritatis ratione sed minima in ducimus eos eum doloremque laboriosam aut reiciendis in praesentium omnis enim porro porro nam iusto.', 6, 8),
(135, '2', '2021-04-06 03:19:06', 'Id voluptas culpa non enim vol', 'Occaecati omnis odio possimus et architecto et eligendi sed aut nam atque illum saepe debitis quidem asperiores consectetur voluptatem rerum et perferendis autem soluta vel suscipit non beatae aut suscipit ad a veniam itaque nobis consequuntur.', 6, 27),
(136, '1', '2020-09-18 22:44:17', 'Voluptates dignissimos modi pe', 'Deleniti odit aperiam qui quo porro modi et ut explicabo esse qui aspernatur molestias est nemo quos fugit dolor quasi saepe sint dolor suscipit natus eos et necessitatibus voluptatibus fugit occaecati animi qui molestiae autem dolorem.', 6, 20),
(137, '3', '2021-03-31 15:41:16', 'Dolorem qui et.Asperiores perf', 'Dolorem eum fuga tempore qui consequuntur molestiae quo fuga consectetur odio delectus enim sit ut iure soluta id nulla enim iste tempore rerum illum ipsam qui ea ut sed commodi quae et ea nihil minima dolor veniam adipisci.', 6, 48),
(138, '3', '2020-12-03 15:03:05', 'Incidunt debitis laudantium si', 'Commodi non aut assumenda molestiae ut voluptatem corporis rerum molestiae quibusdam quia voluptas recusandae alias et modi repellendus unde ut cumque voluptas dicta atque nihil eos rerum unde qui ut dolorem voluptatem delectus a et quaerat aut atque voluptatem facere.', 6, 4),
(139, '1', '2020-11-14 03:36:44', 'Quae debitis omnis qui quod im', 'Sit et incidunt aut adipisci architecto voluptatem nihil ea quibusdam et et perferendis dolore amet ipsam quis sunt accusamus excepturi ut error sit ut quo officiis accusantium non ipsam sint culpa aut veritatis maxime ratione consequuntur.', 6, 29),
(140, '1', '2020-09-29 17:57:16', 'Corrupti sed excepturi earum e', 'Adipisci repudiandae vel aperiam iste qui reprehenderit voluptatem qui qui nobis est nesciunt natus molestiae quasi vel animi tempora iusto cum officiis officiis cupiditate harum placeat sunt magni et explicabo odio non numquam inventore eum id sed ut.', 6, 6),
(141, '3', '2021-02-04 02:00:29', 'Voluptas est laudantium eum no', 'Ex quibusdam praesentium magni amet mollitia consequuntur pariatur fugiat recusandae commodi qui voluptatibus porro et labore delectus et inventore quas nisi velit enim omnis dolores enim impedit blanditiis iste et magnam soluta nostrum hic rerum quisquam autem ut consectetur.', 6, 33),
(142, '2', '2020-09-07 19:56:06', 'Aut fuga quo accusamus.Laborio', 'Inventore quas unde atque ipsum nulla dolores nihil earum vitae quis et a nihil tempora impedit esse officia illo nemo quae vero soluta ut rem deserunt ipsam ut ut et voluptas eum tempora eligendi veritatis aut esse magni inventore eius.', 6, 49),
(143, '2', '2021-01-31 22:56:38', 'Iste necessitatibus saepe itaq', 'Quia fugit qui vero voluptatibus doloremque tenetur non consequuntur quis exercitationem voluptatum sint rerum in explicabo repellat eveniet illo neque adipisci nihil sit velit veritatis quibusdam molestiae sapiente a adipisci quam facere voluptatem ullam cupiditate repellat qui laborum dolor beatae.', 6, 30),
(144, '1', '2021-05-19 08:06:08', 'Harum quos harum atque consequ', 'Natus earum ab laudantium est accusantium veritatis exercitationem officia qui eos explicabo pariatur ut ducimus recusandae ipsum sed iure tempore provident nihil omnis totam voluptatibus provident ut id provident eos ut fugiat voluptatem eligendi quod sit rerum.', 6, 41),
(145, '1', '2020-08-07 10:04:23', 'Distinctio dignissimos tempora', 'Itaque ut est aut quia est ipsum quia voluptatum et culpa voluptates voluptas quidem totam est molestiae quos minus accusamus aliquid porro dolor et eaque incidunt est eos asperiores odio sed voluptatem ex numquam in quo quia voluptas eum.', 6, 26),
(146, '2', '2020-11-10 03:09:09', 'Optio quis quidem dolores quas', 'Vero porro beatae ut voluptas tenetur dolore laboriosam inventore numquam corporis cum commodi quia eum inventore repellendus cupiditate aliquid nisi veniam nesciunt ut fugiat delectus et eum ea sequi quis sequi officiis reiciendis esse ab nihil inventore quasi.', 6, 18),
(147, '1', '2020-11-21 06:30:28', 'Minus omnis perspiciatis fugit', 'Suscipit at et ipsam vel molestiae ab qui doloribus fuga voluptates sint recusandae enim ut aliquid magnam dolorem autem ab similique soluta cum quia sed facilis voluptas dolores illo autem soluta velit corrupti inventore vero accusamus voluptatum dolorem minima aspernatur.', 6, 31),
(148, '1', '2021-01-12 15:25:55', 'Ut saepe voluptas.Distinctio e', 'Est ea laboriosam et libero consectetur sunt labore fugiat corrupti explicabo iure unde rem hic laborum distinctio dolorem hic dolor nostrum laudantium molestias voluptas a et aut ea laboriosam cupiditate laudantium praesentium voluptatem omnis quia ipsa itaque est in.', 6, 12),
(149, '2', '2020-12-19 02:27:26', 'Voluptatibus omnis dolor rerum', 'Molestias perferendis neque voluptas itaque voluptatem doloribus deleniti voluptatibus recusandae deleniti enim libero in nam consequatur vitae ex et quasi enim atque exercitationem consequatur repellat et ipsa occaecati velit architecto voluptatem suscipit necessitatibus voluptatem temporibus molestiae et autem omnis veniam.', 6, 24);
INSERT INTO `evenement` (`idEvenement`, `graviteEvent`, `dateEmission`, `titreEvent`, `descriptionEvent`, `idRegistre`, `idPersonnel`) VALUES
(150, '2', '2021-01-17 14:57:15', 'Non non consectetur ullam omni', 'Maiores tenetur magnam dolor reiciendis iusto at illum cum et rerum qui cupiditate expedita rerum sed quo delectus vitae non quisquam ut rerum cupiditate recusandae et modi culpa illum ut et in temporibus ipsum natus illum molestias.', 6, 8),
(151, '1', '2020-11-28 00:18:40', 'Eum velit dolorem.Ut atque deb', 'Voluptatem quia quia et recusandae eius ipsam sunt dolore dolores error ex repellendus sed assumenda dolor provident porro qui occaecati hic nam cum et et sunt esse eum et facilis voluptatibus quidem expedita ut qui repudiandae velit nihil aperiam illo.', 7, 22),
(152, '2', '2021-05-12 04:12:43', 'Ad quod enim omnis aut.Autem s', 'Dolores dignissimos praesentium ut praesentium facere quos velit beatae tempora excepturi ea mollitia labore in provident quasi et voluptas dolores perferendis veniam voluptas dignissimos at ex voluptatem vel ut molestiae reprehenderit ex qui omnis consequuntur dolorem quam.', 7, 15),
(153, '2', '2021-03-14 04:47:05', 'Repellendus sunt tempore neces', 'Eum amet autem quae sit consectetur laudantium voluptatem delectus officia mollitia sunt voluptas dolorem quod aut dolorum repellat est voluptates deleniti veritatis eos molestiae consequatur reprehenderit quia doloremque voluptas sint atque earum id vero deserunt aut sunt dolores incidunt quas.', 7, 15),
(154, '2', '2020-10-17 17:06:07', 'Suscipit voluptatem magnam.Qui', 'Sit et consectetur assumenda quam unde consequatur reprehenderit omnis vel qui laboriosam ut laudantium voluptatibus consequatur aliquid rem enim soluta rerum quae voluptatem qui sed eaque quia inventore excepturi neque laborum dignissimos unde voluptatum distinctio debitis qui facilis voluptas.', 7, 25),
(155, '2', '2020-11-17 22:44:40', 'Rerum vel dolorem nihil vel te', 'Quia temporibus porro unde qui dolorum tempora error ea architecto quia hic tempore ut placeat et et accusamus quia ea et esse ut dignissimos sed exercitationem est labore quidem consectetur aperiam odio modi officia recusandae maxime.', 7, 43),
(156, '2', '2021-02-25 18:50:51', 'Quasi sunt non odit et.Nam qui', 'Eaque consequatur recusandae perferendis et et harum similique doloribus et maiores laboriosam quidem omnis et voluptatem animi id aliquam sequi totam incidunt consectetur et dicta enim illo optio ab asperiores quisquam et quam molestias molestiae ut atque ut voluptates sequi.', 7, 37),
(157, '3', '2021-01-10 16:50:35', 'Necessitatibus doloribus nostr', 'Eos similique asperiores est rerum aut aut at laudantium voluptatem et optio dolor rem velit qui officiis illum sint dicta eos provident consectetur debitis ad repellendus rerum et et veniam maxime fugit molestiae dolorem voluptatem aut illo sint vitae debitis.', 7, 52),
(158, '2', '2020-12-28 14:33:20', 'Illo qui sunt ut fugit corpori', 'Omnis tempore consequatur aperiam sit fugiat consectetur aut asperiores autem voluptates doloremque voluptatem totam omnis nemo magnam amet necessitatibus voluptatem magni qui officia eveniet autem quia aut enim quis itaque cupiditate dolorem sapiente quasi omnis blanditiis et perferendis voluptatem ipsa.', 7, 9),
(159, '1', '2020-09-05 01:04:13', 'Sint quasi rerum at odio.Ut ap', 'Occaecati rerum quo minus labore ut assumenda sed illo ut impedit iste occaecati eligendi et quod eos numquam dolor architecto et consequuntur voluptatem itaque qui illum voluptates nesciunt exercitationem voluptatem dicta officiis blanditiis recusandae minus aut qui explicabo.', 7, 37),
(160, '3', '2020-08-19 09:43:14', 'Voluptatibus tempore saepe por', 'Possimus reprehenderit quis modi quo vitae vel ex maxime in assumenda sunt voluptatem aut dolores ut sunt ea sint veritatis nobis est vel blanditiis quia at quod animi est assumenda vitae repellat dolorem aut consequatur iusto placeat tempore sed illo.', 7, 18),
(161, '3', '2021-03-03 17:18:43', 'Fugiat laudantium expedita nam', 'Nemo esse mollitia dignissimos suscipit et dicta ducimus enim optio in et veniam voluptatum reprehenderit molestiae est iure rem sit pariatur autem vel distinctio id tempora delectus accusamus exercitationem commodi facere rem minima ut voluptatem dolores enim ea eaque.', 7, 43),
(162, '2', '2021-03-28 07:38:31', 'Ut sed impedit nemo.Voluptas e', 'Ab dicta quia eos excepturi soluta ea velit commodi sed accusantium quibusdam laborum ab fuga qui labore dolor eos quidem consequuntur error dolor assumenda rerum ut quidem quod a quisquam quia saepe molestias autem est aliquam sed fuga.', 7, 36),
(163, '2', '2020-12-24 03:37:54', 'Sit nulla aut est velit.Provid', 'Dolores quos quaerat rerum fugiat sed occaecati blanditiis quaerat voluptatem voluptates sed rerum veritatis vitae ab natus consequatur qui et adipisci ex earum aut numquam accusantium labore nostrum et dolores et commodi laboriosam ullam et.', 7, 35),
(164, '1', '2021-03-21 20:28:16', 'Nostrum ipsa in omnis qui.Plac', 'Incidunt quisquam qui est aut repellat et qui aut eaque culpa ipsa ratione sunt quibusdam pariatur sint et sunt facere sequi qui facere sed nobis quo modi ad cum quaerat porro perspiciatis dolores blanditiis corrupti error cupiditate et.', 7, 2),
(165, '1', '2021-04-16 14:30:04', 'Aut veniam a quia quam assumen', 'Soluta ea ullam laudantium ipsa magni tempora fugiat ea quia cum numquam incidunt autem voluptatum quia voluptates eaque cupiditate adipisci enim corrupti sit doloribus dolores soluta quasi id sed vero et et qui molestiae dolorem aliquid consectetur ipsam.', 7, 1),
(166, '1', '2020-06-13 19:21:19', 'Sed et iure dolores possimus l', 'Beatae illum iste possimus repellat incidunt ex incidunt qui iure dolorum rerum sint ullam debitis inventore occaecati molestias voluptate quis animi quia est expedita hic ducimus tenetur soluta sit aut sed assumenda impedit a nisi repellat.', 7, 37),
(167, '3', '2020-10-20 11:36:40', 'Fugit facere tempore molestiae', 'Delectus repudiandae necessitatibus saepe quasi sequi voluptas velit quo iste quis ut voluptatem natus doloribus officiis dolor eaque et et sequi quam temporibus magni facere omnis voluptas sunt qui aut nemo qui ea placeat veniam.', 7, 6),
(168, '3', '2020-10-25 15:26:12', 'Sed debitis qui cum ut illum.E', 'Est et impedit natus est amet porro aspernatur quia quae numquam recusandae molestiae ut ab numquam sunt et et mollitia perspiciatis et eligendi magni aut hic quas tenetur magnam facere beatae reprehenderit id rerum expedita vel eaque neque ipsa non.', 7, 19),
(169, '1', '2021-01-29 08:09:11', 'Assumenda laboriosam molestiae', 'Ea ea sunt quo dignissimos rem ducimus vero sed quisquam sapiente mollitia et doloremque nobis eos nulla non qui autem accusamus suscipit enim impedit amet et at in aut molestias rerum doloribus sed est nostrum qui veniam sit.', 7, 44),
(170, '1', '2020-10-18 23:26:24', 'Mollitia sed et debitis rem.Qu', 'Vel tempora rerum velit ut at sapiente voluptas facere adipisci quis id deleniti sunt suscipit exercitationem perferendis non autem sit porro esse ut ut nulla omnis eum in voluptatem quibusdam ipsam dolor et dolorum dolorum.', 7, 44),
(171, '1', '2021-05-02 00:07:19', 'Vel inventore dignissimos nequ', 'Aut nesciunt et voluptatem architecto et alias et dolor doloremque et illum aut voluptatem adipisci est facilis adipisci rem eum ad exercitationem unde quo voluptatem qui possimus aliquam aliquid at atque eius harum officia rerum velit voluptatum.', 7, 43),
(172, '1', '2021-01-03 14:30:31', 'Facilis impedit ullam occaecat', 'Asperiores aut itaque qui deleniti iste molestiae omnis magnam provident qui corporis sapiente id neque debitis aliquam minus aut nostrum ex minima nobis vitae animi distinctio quas error iure recusandae ducimus dolor ipsam quae tenetur error nihil facilis.', 7, 43),
(173, '2', '2020-08-02 00:53:04', 'Omnis ipsam ad qui.In eum eos ', 'Ullam illo quia non placeat tempore odit fuga nisi aut libero culpa eum ab inventore libero ullam natus voluptatem sit aut earum nihil ex doloribus earum quaerat quia illum sed animi consectetur doloribus ullam est.', 7, 13),
(174, '2', '2021-02-19 08:49:38', 'Corrupti sunt assumenda labori', 'Vitae incidunt ea optio tenetur sunt architecto commodi qui odit impedit consequatur omnis sed voluptatem est ipsam quo est minima numquam et eos distinctio eos sit temporibus eos vero quia sint voluptatem veritatis iure consequuntur reprehenderit qui.', 7, 51),
(175, '1', '2021-04-10 06:49:15', 'Non itaque quo porro cumque om', 'Beatae cum cumque et et quae amet dignissimos et vel quasi assumenda repellendus reiciendis assumenda commodi laboriosam culpa nesciunt est nam impedit natus suscipit enim ratione itaque necessitatibus nisi eaque commodi facilis ea aliquam similique.', 7, 38),
(176, '3', '2021-01-25 20:51:54', 'Distinctio culpa et nemo nesci', 'Hic velit odit harum beatae facilis quia nam laudantium quis est ipsum qui quibusdam deleniti ut velit voluptates illum voluptate beatae esse et ut temporibus sunt recusandae sed earum ea voluptatibus architecto a quo error voluptas earum illum.', 8, 53),
(177, '1', '2020-06-08 19:39:49', 'Maiores quo ut nobis maxime.Et', 'Sit quo sed laborum ipsam iste porro velit voluptatem magni fuga ea quod velit dolore ut et dolorum illo voluptatem ut voluptatum aut id nulla ut corporis cum ut similique soluta nostrum dolores autem magnam ipsum.', 8, 56),
(178, '1', '2021-01-11 11:50:09', 'Cupiditate et sunt consectetur', 'Eligendi facilis magnam eum dolores ea nisi amet officia aut voluptatem voluptates laudantium soluta sequi ut unde laudantium officia voluptate sint sunt quidem id odio ut blanditiis quod rerum consequatur ut quos quidem deserunt repudiandae ut quaerat velit fugit aut.', 8, 54),
(179, '3', '2021-03-14 21:03:57', 'Vitae et recusandae iusto.Aut ', 'Placeat expedita sed et ut expedita commodi voluptatem ipsam quidem esse et optio non voluptatum fuga quod ab totam perspiciatis commodi cupiditate est quam rerum est odit qui ducimus atque ut error et debitis nemo itaque.', 8, 55),
(180, '2', '2021-04-01 03:49:53', 'Non non fugit quasi temporibus', 'Voluptatibus est enim qui est voluptatem vel beatae repellat et totam accusantium eius ut tenetur quam esse autem non officia excepturi architecto nesciunt alias distinctio distinctio aut atque ab perferendis voluptate ut nam alias non unde autem exercitationem quisquam.', 8, 55),
(181, '3', '2020-11-02 00:51:38', 'Porro dolorem est.Qui eius aut', 'Natus cupiditate nesciunt illum eaque corporis modi nam adipisci dolores ut voluptatem quisquam aspernatur minima assumenda atque beatae expedita quo rerum nostrum est aut nisi modi odit ut porro mollitia pariatur modi voluptatem similique et.', 8, 53),
(182, '3', '2020-08-16 15:11:48', 'Voluptatum saepe voluptatibus ', 'In inventore eaque esse perferendis sint doloribus delectus ex nobis velit voluptatem distinctio autem harum eum est aliquam consequatur numquam perferendis tenetur et est quod et repellendus dolore ratione rerum dolores iure consequatur nesciunt iste natus est eligendi.', 8, 54),
(183, '3', '2020-11-26 17:49:03', 'Hic molestias est voluptatibus', 'Quibusdam pariatur facere similique harum dolores ea autem velit repudiandae deserunt ut modi rerum tenetur voluptatem rerum voluptates et commodi velit quo odit itaque qui maiores consequuntur natus sit eligendi distinctio minus et corrupti qui atque beatae.', 8, 55),
(184, '1', '2020-09-02 10:30:25', 'Repudiandae et voluptas.Vel qu', 'Ut dolorum recusandae ab eaque veritatis ullam consequatur similique id quasi est soluta aperiam at aut voluptates similique magnam ratione similique saepe aut officia quaerat officiis rerum adipisci fuga dolorem et ea quidem sit veniam ullam odit.', 8, 56),
(185, '1', '2020-09-02 09:50:20', 'Libero praesentium quia volupt', 'Qui a vel veniam accusantium quisquam autem temporibus qui assumenda eos at alias quos est rerum hic consequatur culpa tempora quo ducimus aut natus enim eum quis totam laudantium veritatis voluptatem aut velit quia adipisci voluptatibus ipsum quas inventore.', 8, 53),
(186, '2', '2021-03-02 21:29:02', 'Voluptatem non voluptas exerci', 'Pariatur maxime ut enim qui molestiae consequatur beatae enim quas doloremque nobis repellendus doloribus et eum maxime laudantium adipisci placeat voluptates culpa nesciunt rem non qui sint qui corporis dolor suscipit ullam at ipsam reiciendis nesciunt.', 8, 56),
(187, '2', '2020-07-17 05:47:30', 'Illum voluptas aspernatur quam', 'Sapiente aspernatur suscipit in itaque accusantium neque fuga non aspernatur ea unde ipsam perspiciatis magnam aut quia ipsam officia nisi exercitationem officia reprehenderit nesciunt fuga impedit ut voluptatem et et ut magni labore quos inventore et fugit ut eum.', 8, 54),
(188, '3', '2020-11-24 10:33:47', 'Commodi autem cum aliquid ad p', 'Autem id ipsa illo asperiores ut maxime nisi magnam unde in et esse sit est aut dignissimos distinctio doloremque eveniet enim similique asperiores delectus rem rerum quas beatae reprehenderit odio placeat molestias ut error totam voluptas aut.', 8, 56),
(189, '2', '2021-04-02 16:58:05', 'Vel dolorum rem nemo.Eius labo', 'Numquam iusto et porro vitae voluptatem quia veniam sint incidunt perspiciatis dolorum quia ipsum suscipit maiores repellat veniam sint sit necessitatibus repellendus qui quis qui minima consequatur minima aperiam ex accusamus non sunt perferendis enim amet et accusamus.', 8, 53),
(190, '3', '2021-04-17 13:19:03', 'Molestiae eius voluptate ea.Mo', 'Qui dolore ut consequatur iusto minima perferendis et voluptate maxime saepe quo neque quisquam est aut reiciendis rem est optio et et quo nam et ad dolorem ut nesciunt voluptatibus sunt pariatur labore voluptas omnis aut consequatur.', 8, 54),
(191, '3', '2020-12-25 08:45:03', 'Ipsam voluptate deserunt archi', 'Ut tempora recusandae sed suscipit iusto molestias nesciunt eos laboriosam voluptas quos soluta et aut non laborum officia nulla voluptatem dicta similique asperiores iusto autem qui reprehenderit quaerat similique omnis nihil aliquid sint accusamus et.', 8, 55),
(192, '2', '2021-02-17 23:21:09', 'Aut in hic nisi blanditiis vol', 'Laudantium ut omnis sit natus ut qui eaque doloremque delectus consequatur qui laboriosam dignissimos omnis dolorum cum sit quia exercitationem quae culpa suscipit aperiam quaerat quibusdam consectetur non possimus est excepturi ut et ratione animi aut et numquam tenetur in.', 8, 53),
(193, '2', '2020-09-16 16:15:35', 'Eos in nam aut porro omnis est', 'Ab nulla et et aut in ut et totam debitis cupiditate quia impedit sunt officiis sunt eveniet iusto qui ea veniam veniam nobis et dolores eos quidem quia aut quia quisquam quis explicabo cum temporibus adipisci.', 8, 53),
(194, '3', '2021-05-25 11:14:04', 'Hic accusantium officia volupt', 'Id aut expedita et molestiae non dolores ad quod et natus sit est placeat itaque et temporibus ipsa nam eius et harum officia cupiditate commodi sit deleniti tempora corporis ipsam sunt error expedita cum ea quasi laudantium ipsum nam odio.', 8, 56),
(195, '3', '2021-04-21 17:30:42', 'Optio quia eveniet.Voluptas ma', 'Aut facere iure enim aut ipsam non iusto doloremque possimus sed voluptatum repellendus sit aut illum aut reiciendis consequatur qui dolores voluptatem quas recusandae velit architecto et consectetur rerum ullam praesentium id neque et et quas aperiam.', 8, 54),
(196, '1', '2020-06-07 16:30:05', 'Nemo doloribus quisquam conseq', 'Neque omnis dignissimos quam id et ipsum officia sit culpa aliquid ipsa nam beatae dignissimos sed aliquam voluptatem minus corrupti fugit velit officia temporibus asperiores doloribus nihil animi exercitationem aut voluptas rem rerum quas blanditiis.', 8, 56),
(197, '1', '2020-05-30 15:25:38', 'Ab fugit cumque qui.Et qui sed', 'Voluptatem quod dolor quibusdam molestiae minus aut consequatur vitae optio architecto et non earum enim sunt molestiae saepe amet reprehenderit eligendi ea necessitatibus doloremque cumque rerum quidem libero voluptatem repellat dolor omnis maxime natus dolor ea.', 8, 56),
(198, '2', '2021-03-05 05:03:26', 'Omnis ipsa et eaque illum et a', 'Eum optio magnam possimus vitae eos minus porro molestias aut sunt sint sed animi quia saepe qui laborum voluptatem molestiae rem commodi vero in velit nihil et aliquam quis ea id libero pariatur magnam qui aut.', 8, 54),
(199, '1', '2020-09-30 05:02:12', 'Earum quo molestiae quo ducimu', 'Velit rerum et blanditiis et aliquid incidunt vel libero et et sit et atque architecto accusamus delectus eum animi nihil repellat qui vel voluptatem necessitatibus et veritatis laborum dolorum ducimus quis culpa placeat nisi expedita veritatis id officiis.', 8, 54),
(200, '1', '2020-06-09 17:58:26', 'Eos ipsam ipsam.Consequatur fu', 'Sed et qui pariatur saepe aut voluptas veritatis facere doloribus qui mollitia deleniti quos suscipit et hic quisquam sit pariatur nulla laboriosam alias et autem fuga voluptates perspiciatis ut amet consectetur sequi commodi voluptatibus occaecati magni voluptate sint est.', 8, 56),
(201, '2', '2020-09-06 09:08:53', 'Cumque ratione at quis minima ', 'Dignissimos enim laudantium dignissimos aut totam voluptatum fugit consequatur animi ut quia consequatur natus quia dolores expedita voluptas minima ducimus velit quis cumque aut labore non sit incidunt vitae nobis laudantium magnam numquam culpa quis.', 9, 91),
(202, '1', '2021-04-03 09:34:30', 'Id eos dolorum dolorem quidem ', 'Eos aspernatur magnam sequi commodi ipsa enim iusto ducimus minus qui veniam eius consequatur vel maxime fugiat pariatur necessitatibus dolore nemo dolor accusamus ut laudantium repellat ut ab perspiciatis totam necessitatibus et quas culpa tempore tempore sapiente nam assumenda.', 9, 61),
(203, '2', '2020-12-20 22:34:41', 'Id beatae natus nesciunt.Qui v', 'Fugiat fugit consectetur quia quae beatae et illum veniam illum ullam placeat consequatur quo optio ut voluptate fuga aut ut consequatur quisquam sunt quo nisi ex nihil voluptatem itaque labore nobis laborum et sit nostrum reprehenderit.', 9, 68),
(204, '1', '2020-08-04 05:51:40', 'Non eos omnis.Laboriosam autem', 'Eos aspernatur architecto qui similique modi culpa reprehenderit sed iusto repellendus sint quo mollitia corrupti rerum eligendi blanditiis id saepe saepe corporis natus asperiores molestias illum ratione iure aut laboriosam dolor earum in eos quia ipsam sit error quas sequi.', 9, 58),
(205, '1', '2021-01-20 07:27:08', 'Consequatur porro et est ea.De', 'Nihil et blanditiis harum voluptates provident rerum et enim dolores velit optio fugiat ducimus velit in accusamus earum occaecati odit debitis dignissimos placeat aspernatur error laudantium earum accusamus asperiores est delectus quaerat aut quia maxime quia.', 9, 89),
(206, '1', '2020-07-04 03:23:41', 'Molestiae doloremque quisquam ', 'Non qui dignissimos dolore ut consequuntur dolorem aliquid temporibus fugit tempora dolorem nemo non velit numquam aspernatur quia voluptatum dolores omnis dolor error nemo doloribus voluptatem eum et ut maiores aut eum blanditiis natus sed illo.', 9, 80),
(207, '1', '2020-12-09 15:14:35', 'Ut ex porro magnam rerum qui.A', 'Pariatur magnam quis aperiam ab ut vel nobis eos voluptate voluptatem deleniti ipsam fugit odio nam earum consequatur et quam autem ex hic in aut dolor tenetur sit ut aliquam aut culpa est rem distinctio sed.', 9, 74),
(208, '2', '2020-08-18 21:30:43', 'Quasi et est voluptas.Dignissi', 'Dolor quaerat explicabo aut quidem rerum fuga aut saepe voluptatum aut error odit ipsa quo laboriosam laborum autem quo qui aliquam commodi officia aspernatur et omnis a qui nihil exercitationem est sunt quaerat dolores id et voluptas.', 9, 59),
(209, '2', '2020-11-16 21:13:10', 'Odio quibusdam et pariatur off', 'Voluptatem nemo nihil in tempore pariatur nam pariatur veniam id est qui accusamus non ut voluptas molestiae qui et consectetur consectetur recusandae quasi dolorem sit beatae omnis aliquam consequatur nobis sed voluptatem officia modi omnis nobis a.', 9, 61),
(210, '3', '2021-04-05 19:21:58', 'Exercitationem suscipit mollit', 'Consequatur reprehenderit dolor consequuntur incidunt excepturi distinctio odit officiis dolorem quia excepturi quo ducimus ut distinctio modi dolor voluptatem id quas porro sunt odit in commodi quo consectetur possimus cupiditate illum iusto voluptatem libero dolores doloribus.', 9, 58),
(211, '2', '2021-01-26 09:50:51', 'Sunt impedit occaecati et nemo', 'Incidunt veritatis eum aut error alias minus velit temporibus voluptatibus voluptatem neque dolor sed tenetur voluptas eum incidunt at quis vitae cupiditate quia esse recusandae ipsa ut amet consequatur expedita facere voluptatem alias distinctio ut sint quis amet quia vel.', 9, 77),
(212, '1', '2020-10-30 02:45:34', 'Eum tenetur veniam dolorem vol', 'Totam aspernatur qui veniam autem nihil alias hic suscipit impedit a dolorem harum dolor sapiente consequuntur iste est sed et molestiae accusantium omnis quia non impedit id esse fugiat ad vero eos vel quo eius error deleniti modi maiores possimus.', 9, 86),
(213, '3', '2021-04-08 10:52:07', 'Omnis officia soluta minus und', 'Fugit sequi placeat delectus est magni aut qui harum deleniti qui ex animi enim maiores id laudantium qui iste repudiandae reiciendis dolor libero ea enim veniam explicabo et dolor doloremque nihil quia repellat perferendis similique placeat nulla.', 9, 89),
(214, '3', '2020-12-11 22:54:56', 'Provident enim corrupti volupt', 'Itaque quam ut aut suscipit labore rem exercitationem sit voluptatibus necessitatibus laborum et incidunt nam sit est assumenda nulla sint magnam illo consequatur tempora nihil magni odio ratione beatae natus quam tempora fuga fugiat ut.', 9, 66),
(215, '1', '2021-03-11 08:18:32', 'Cumque aut eligendi ut laborio', 'Laudantium eum esse a necessitatibus deserunt enim laudantium fuga nobis vero sit ipsa maiores harum non quae ex consequatur sint tempora consequatur quisquam in libero quibusdam corporis illo nemo sequi omnis dolore temporibus voluptas modi aliquam reprehenderit.', 9, 82),
(216, '2', '2020-06-09 13:23:31', 'Consequatur velit vero est deb', 'Fuga quas a delectus enim voluptas unde sint in cupiditate non aut qui facilis omnis laudantium illo ea eaque saepe est mollitia ducimus quisquam quibusdam quo mollitia similique tenetur vel sit fugit animi incidunt nesciunt et corporis qui eligendi.', 9, 73),
(217, '2', '2020-07-09 20:58:06', 'Esse omnis ipsum modi consequa', 'Qui et ipsum perferendis quia cupiditate rerum voluptatum vitae praesentium in neque quidem sed doloremque adipisci sunt culpa qui consequatur aliquam voluptatem dicta quia id error omnis quis quia aliquam sunt dolorem quae perferendis aliquam laboriosam ad.', 9, 56),
(218, '2', '2020-08-26 18:22:06', 'Iure illo sunt autem sequi vol', 'Aut impedit facilis voluptate qui illo ullam qui ut occaecati id ut vitae rerum tempore corporis quam quo perferendis quis nam qui voluptatem accusamus esse voluptas cumque quam laudantium praesentium dolores ad rerum aspernatur unde fugiat esse.', 9, 76),
(219, '2', '2020-06-28 06:38:46', 'Vero at voluptatem qui qui bea', 'Molestiae rerum aliquam odio dignissimos modi omnis ipsam beatae nobis explicabo est velit excepturi id temporibus repellendus optio quia accusantium iste distinctio eius autem possimus alias et ducimus dolorum officia et nihil culpa cumque aspernatur autem minima quasi.', 9, 79),
(220, '3', '2020-07-04 02:59:27', 'Aperiam aut voluptas assumenda', 'Est nisi modi numquam id rerum at laboriosam est repellendus impedit quia qui harum non quas excepturi culpa quia asperiores voluptatem atque doloremque recusandae soluta tempora deleniti quisquam veritatis explicabo dignissimos quis quia dolores odit omnis possimus ut sed.', 9, 58),
(221, '3', '2020-06-29 17:02:25', 'Qui quia et sint deleniti.Quod', 'Dolorem voluptatem autem pariatur accusantium molestiae sapiente quia quasi et in ullam sint nemo suscipit amet consequatur magnam est dolores quo odit veritatis harum ipsa nisi nobis omnis voluptatem voluptatem ipsam et qui aut in.', 9, 57),
(222, '1', '2021-01-01 09:17:07', 'Deleniti id quod qui quia.Eos ', 'Eum saepe tenetur voluptatem eos dignissimos ipsam error consequatur cum et harum praesentium minus et aliquid suscipit est maiores harum architecto mollitia rerum sequi voluptates illum sed aliquid at libero reiciendis ad velit consequatur consequatur consequatur tempore qui odit repellat.', 9, 73),
(223, '3', '2021-02-14 02:21:26', 'Reiciendis earum sequi dolor.P', 'Officia nesciunt nisi quos dolores et voluptas velit vel hic est hic quis aut aliquid recusandae autem numquam tempore et ipsum consequatur sunt sapiente velit placeat quo exercitationem rerum explicabo est nesciunt qui nobis facilis.', 9, 59),
(224, '3', '2020-11-19 14:05:45', 'Deleniti ea odio.Nostrum verit', 'Consequuntur at expedita ipsa assumenda hic neque dolorem beatae assumenda cumque fuga minima sed quasi et nisi est et voluptatum fugit dolor eos corporis quas similique deleniti nesciunt voluptatem voluptas et officia est aspernatur facere tempore quo sint.', 9, 60),
(225, '1', '2020-07-30 07:38:11', 'Hic eum tenetur culpa dolores.', 'Rerum voluptatem nobis corrupti enim accusamus distinctio dolores et eveniet eum magnam consequatur minus voluptate perferendis aut minima expedita facere ut molestiae dolores occaecati excepturi cupiditate sint accusantium non natus quidem voluptas sit deserunt ipsum adipisci et eveniet.', 9, 62),
(226, '2', '2020-09-30 21:16:23', 'Voluptatem velit quos.Tempore ', 'Tempore adipisci harum dolor ipsa ea dolorem est consectetur fuga molestiae ut dolorem aut enim ab sit sapiente velit quia natus voluptatem vel fugit eos eligendi et quidem dignissimos aut aut tenetur sapiente commodi tempora delectus consectetur rerum omnis.', 10, 90),
(227, '3', '2020-07-01 13:49:29', 'Numquam iure veniam sed vero m', 'Non cum natus quia nobis minima dolore minima praesentium occaecati et nesciunt quo id deleniti sunt maiores eveniet sint maiores dolorem et nulla impedit excepturi quidem earum voluptas distinctio omnis laudantium totam ea tenetur voluptatibus.', 10, 84),
(228, '2', '2020-06-22 11:02:48', 'Rerum adipisci quidem consequa', 'Quo officia delectus nesciunt excepturi quo dignissimos quam eum qui ut assumenda eum in ipsam quia quidem sed et possimus laborum nobis voluptatum earum omnis ut dolores provident ea ut aut enim et ratione repudiandae quam labore saepe.', 10, 77),
(229, '2', '2021-01-14 20:41:30', 'Officia aut aliquam unde offic', 'Animi dicta quos rem minima tenetur laboriosam exercitationem dicta doloremque sed quia error saepe ut consectetur quia sed sed aut excepturi nesciunt sed est necessitatibus et quae aut quia repellat est cumque dolores numquam animi reiciendis quo.', 10, 92),
(230, '3', '2020-11-22 18:25:52', 'Quod iusto enim.Voluptatem qui', 'Quia facere veniam in minima sit distinctio aut rem quis qui officiis et sequi expedita asperiores aut dolor rerum accusamus enim et aut velit sit nostrum et enim aliquam sint veniam excepturi debitis quas enim culpa ut provident.', 10, 56),
(231, '2', '2021-04-04 11:58:49', 'Dolore recusandae doloribus en', 'Rerum aperiam incidunt sed ex eum laboriosam amet eum qui tempora ratione rerum provident consequatur dolorem accusamus fugit nesciunt totam cupiditate hic id voluptatum beatae nisi atque unde ut iure maxime ut et praesentium ullam porro.', 10, 74),
(232, '1', '2020-12-12 06:47:25', 'Porro sequi consequatur sequi ', 'Voluptate voluptatem et eveniet qui qui dolorem in est ipsa in nisi expedita nihil est eum maiores assumenda rem quo a voluptatibus quibusdam voluptate ut est voluptatem eum tenetur fuga labore deserunt odio libero molestiae minima voluptatem corporis asperiores non.', 10, 86),
(233, '3', '2020-10-22 09:04:45', 'Voluptates deleniti incidunt p', 'Perspiciatis sed rerum suscipit ad magni cupiditate id voluptas veniam qui aperiam blanditiis unde vel veritatis voluptas deleniti commodi et dolorum aut deleniti repellat sit quia consequatur suscipit accusantium commodi voluptatum error totam qui natus quia velit ipsa est voluptas.', 10, 88),
(234, '1', '2020-07-04 14:13:56', 'Quia nulla quam dicta porro qu', 'Ut officia optio inventore inventore et doloremque soluta rem voluptatem ullam mollitia et ut maiores qui culpa quo ipsam libero quia et magni eum rerum consequatur et quia laboriosam quo ea numquam et vel est quasi et qui incidunt dolores.', 10, 77),
(235, '1', '2020-10-09 12:44:47', 'Non qui ad reiciendis facere m', 'Eius consectetur enim voluptatibus ut laboriosam qui similique architecto fugit porro velit quisquam nam numquam ea consequatur neque sunt atque expedita autem libero ea non expedita recusandae earum aut illum minus ullam dolor provident commodi corrupti.', 10, 88),
(236, '1', '2020-06-09 01:53:14', 'Iure quia fuga dolorem ut aut ', 'Aut est fugit quis eos nam ratione est tempore nihil asperiores consectetur aliquid possimus eos nisi qui et temporibus in nostrum numquam sit nisi in corrupti et natus similique optio vitae dolorum neque et doloribus facilis consequuntur voluptatem.', 10, 83),
(237, '1', '2020-11-27 09:35:13', 'Ut tempore ipsa eum laborum om', 'Ea quidem nostrum repudiandae est placeat delectus mollitia facere in velit incidunt dolor aut rerum assumenda perspiciatis perferendis incidunt distinctio ex labore molestiae ut sunt qui quia sed nihil qui qui ratione accusamus molestias ut est iure repellat eius.', 10, 79),
(238, '2', '2021-03-04 22:32:11', 'Vero doloremque consequatur do', 'Illum et quo impedit excepturi quasi ut ab quae modi inventore molestiae dicta deserunt nisi aspernatur quidem ab repellendus ex ipsam cum nam non facere non minima occaecati sapiente iusto veritatis illo occaecati nemo libero nobis nam itaque et.', 10, 93),
(239, '3', '2021-02-03 13:36:01', 'Molestiae perspiciatis quaerat', 'Voluptatem in eligendi est in dolor magni vel iste qui inventore maiores culpa optio error dolorem unde libero rerum et earum voluptas similique magnam tempore excepturi vero dicta velit a inventore accusamus dicta ipsum est.', 10, 84),
(240, '1', '2021-01-26 23:27:47', 'Consequatur sed deleniti verit', 'Dignissimos nisi nihil neque quis perspiciatis qui soluta libero illo veritatis praesentium non ut maiores omnis corporis aut quae pariatur veritatis quod excepturi veniam sint earum optio laborum accusantium officiis quam officia qui ipsum a cum nam.', 10, 55),
(241, '3', '2020-10-29 11:27:06', 'Itaque ullam voluptatem vero.Q', 'Atque impedit aut amet fugit vel saepe aut quis delectus enim odit aut velit et sed aut ab eius eum beatae rerum voluptatem fugiat magnam harum est ea nam rem est assumenda asperiores repellat non est et nemo sed.', 10, 85),
(242, '2', '2020-12-07 04:10:36', 'In enim incidunt dolorem asper', 'Non distinctio a qui voluptas aut eius consequuntur blanditiis odio ex voluptas beatae optio ducimus error nesciunt recusandae corporis ad quos qui aut sint perferendis magnam hic at nulla necessitatibus consequatur quia quis nobis et et voluptatem ut sint laborum.', 10, 84),
(243, '1', '2020-11-30 16:52:06', 'Quas cum et excepturi.Vitae ne', 'Deserunt est officiis soluta quia eos rerum laborum nostrum eligendi aut praesentium modi aperiam aliquid reprehenderit et in molestias ut ipsam magni omnis nam perferendis temporibus libero sed esse consequatur eum sit id qui quos aliquam est.', 10, 53),
(244, '2', '2020-07-25 23:29:48', 'Dolores cumque consectetur.Exe', 'Unde quis et amet iste voluptatum voluptatem vero aut et repellendus expedita velit eum dicta ut repudiandae velit dicta reiciendis aut quisquam vel non ipsam iusto voluptas magni architecto voluptatum explicabo impedit ex nihil minus incidunt assumenda architecto.', 10, 75),
(245, '3', '2020-07-18 11:26:28', 'Et iste saepe.Odio est quisqua', 'Rerum autem ut ea in tenetur perferendis soluta consequatur enim iusto aliquid quis id assumenda eaque ipsam nostrum fugiat exercitationem eaque id ut quibusdam autem rerum nesciunt id aut assumenda et voluptas ipsam optio consequatur eos.', 10, 70),
(246, '1', '2020-09-10 15:47:50', 'Qui quia eum a dolore iste ab.', 'Id animi id et animi perspiciatis earum quis repellat fugit aut aut dicta in vero velit dolorem nam eveniet pariatur voluptates ducimus delectus quia id consequatur sint doloribus dolorem est deserunt enim magni ipsum quam illum.', 10, 78),
(247, '1', '2020-07-16 08:11:37', 'Esse nobis iure labore non con', 'Voluptatem illo quam velit voluptatem quia corporis nihil ea ut magni minima in necessitatibus quasi alias nihil dolorum et voluptatem cum est enim sed consequatur perferendis sint veniam officiis rerum reprehenderit accusamus in dolor et id praesentium nostrum pariatur adipisci.', 10, 79),
(248, '2', '2021-05-16 15:27:34', 'Quos ea sint nisi culpa quis.D', 'Id non eligendi praesentium iste dolorem vel omnis a recusandae et natus rerum ut tempora ea omnis quos dolores vitae omnis omnis error ut eum et officiis sapiente sapiente et in esse facere quasi accusantium.', 10, 71),
(249, '3', '2020-07-03 23:40:40', 'Odit quisquam veritatis et ad ', 'Possimus cum soluta ducimus expedita illo hic mollitia sit qui enim error ex similique ducimus a nihil ratione atque a omnis quod itaque ut delectus soluta officia dolores iste dolor odit sint magnam non nemo voluptatum sed.', 10, 94),
(250, '2', '2020-12-01 13:43:52', 'Minima mollitia officia harum ', 'Iusto et nisi voluptatem molestias distinctio voluptates voluptas officia doloribus et nisi at hic exercitationem dolore alias quas quia qui at odit et reprehenderit voluptatem fugit fuga voluptatem id consequatur aut qui voluptatibus nostrum ut nulla quis est.', 10, 64),
(251, '3', '2021-02-16 15:21:34', 'Perferendis sequi et.Est quisq', 'Voluptatem nihil sed rerum ipsum quo unde laborum deserunt natus quidem numquam quis vel praesentium veritatis voluptatibus et non rem et occaecati tempore dolor quidem tempore ipsa autem non dolorem dolorem nobis earum voluptatem ut.', 11, 97),
(252, '2', '2021-03-15 15:57:27', 'Minus qui maxime tempore nam.E', 'Doloremque laborum fugiat ut sed vitae corrupti ipsum blanditiis quis similique vel quis eum vel hic non dolorum laboriosam consequatur dolor quia nihil quod qui est et porro hic ut ex sunt qui officiis illo id tenetur.', 11, 92),
(253, '1', '2020-09-12 05:43:25', 'Cumque aspernatur ducimus minu', 'Voluptatibus et optio consequuntur praesentium velit vel vel quis rerum placeat quam et voluptatibus deserunt temporibus aut dolorem perspiciatis ex facilis nihil molestiae aut provident laudantium amet eum est odio perferendis quas magni magnam deleniti fuga soluta sit.', 11, 98),
(254, '2', '2021-03-10 13:38:29', 'Accusantium cupiditate hic hic', 'Hic magnam fuga inventore possimus non fuga rerum earum sunt dolor dolores animi soluta assumenda est illo quasi sint et voluptatibus aut rerum placeat animi ut exercitationem necessitatibus velit sed et saepe odit alias nemo iste quas.', 11, 70),
(255, '2', '2020-09-09 13:53:57', 'Reprehenderit id commodi iste ', 'Ut eum animi recusandae assumenda soluta consequatur molestiae qui quidem voluptate ullam nam ut in repellendus aspernatur ab voluptatem aut et et ut alias voluptatem perspiciatis voluptates libero nihil sit est nostrum qui alias et voluptatum tenetur ducimus.', 11, 77),
(256, '2', '2021-03-13 03:53:51', 'Earum et et in tenetur.Molesti', 'Atque qui autem sit qui incidunt qui iure mollitia occaecati culpa sequi et numquam tempora quia ut neque ea error et quis voluptatum dolores rerum est neque quam temporibus vel voluptatem quaerat corrupti ea et.', 11, 95),
(257, '3', '2020-07-29 01:11:11', 'Exercitationem recusandae ad s', 'A pariatur eveniet aliquid sit dolor ipsum iure quo sint magni ipsa eum sit ad in ipsum quibusdam qui velit nostrum ipsam sit quaerat enim maxime tempore dolores placeat voluptate asperiores repudiandae eum aliquid aperiam repudiandae placeat soluta.', 11, 96),
(258, '3', '2021-04-25 08:04:21', 'Velit consequatur veritatis om', 'Optio consequatur quis modi libero fuga qui dolore aut labore est quisquam accusamus et qui sunt architecto omnis odio possimus perferendis quaerat est ipsa aut qui possimus ea tenetur ipsa unde modi mollitia velit dignissimos.', 11, 60),
(259, '3', '2021-04-12 04:27:13', 'Odio culpa ea.Voluptas a in ma', 'Placeat qui animi occaecati qui et in aut distinctio velit et dolor quasi fugit ea sint cupiditate consequuntur et impedit et est ut dolor molestiae dolorem delectus consequatur itaque reiciendis et qui deserunt eum id et.', 11, 97),
(260, '3', '2021-01-12 19:08:14', 'At ut officiis esse non.Tempor', 'Sapiente corrupti quisquam praesentium sed dolores tenetur magnam consectetur omnis doloremque tempore quos enim consequatur alias quibusdam qui odio consequuntur ut itaque dolore aut quis deleniti quia nobis rerum expedita unde numquam quia fugiat adipisci molestiae earum et dignissimos.', 11, 57),
(261, '1', '2020-10-17 12:08:30', 'Et et ut necessitatibus ut cum', 'Aperiam sit aperiam consequatur atque voluptates et et quaerat tempore ut quisquam nesciunt distinctio sint repellendus nobis vel inventore molestiae voluptatibus ea animi aut inventore aperiam in recusandae cum rerum non non voluptates cupiditate odio corrupti qui.', 11, 64),
(262, '2', '2020-10-12 13:49:26', 'Vel fuga a quis.Consequatur qu', 'Iusto fugiat atque culpa aut quia fuga illum cumque enim odit quidem minima voluptates enim minus repudiandae et quidem facilis ut facilis ut iure sint exercitationem vitae sed incidunt enim atque vitae aperiam aut et ut.', 11, 99),
(263, '3', '2020-05-27 15:56:45', 'Quae provident et quia consequ', 'Aut sapiente ullam impedit consectetur porro facilis iste ut dolor vero perspiciatis et corrupti consequatur numquam rem impedit sit dolore voluptatem aspernatur et non autem natus consequuntur accusantium nisi soluta repellat reprehenderit magni ab dolores nesciunt voluptas et.', 11, 93),
(264, '2', '2020-11-15 13:32:04', 'Maiores tempora non dolores.Es', 'Incidunt in id ut quo voluptates sed laborum iure illo ullam odio vitae a nulla nesciunt aliquam aut architecto suscipit velit sapiente molestiae velit beatae magni enim enim doloremque et sit odio omnis voluptatibus voluptas deserunt dolores nemo non.', 11, 91),
(265, '1', '2021-05-05 11:00:15', 'Aliquid et laboriosam nihil.So', 'Qui non id assumenda a et dolorem facere ut facere iusto doloribus cupiditate dolor molestias necessitatibus possimus omnis aperiam necessitatibus numquam et dolores commodi quam natus eius officia quis unde voluptatem ea maiores beatae aut magnam dolor qui dolor corporis.', 11, 82),
(266, '2', '2020-07-04 23:26:17', 'Veniam beatae nemo.Dolorem ass', 'Non odio qui est dolorum asperiores dolor impedit nulla eaque numquam impedit omnis vero nam accusamus voluptatem reprehenderit corrupti eaque sequi autem quia nobis nulla autem excepturi rem illo facilis unde dicta saepe quas est esse sit et.', 11, 73),
(267, '1', '2020-06-25 11:28:01', 'Quos iure sapiente eum unde er', 'Qui reiciendis praesentium omnis quaerat hic ut sed voluptatem architecto sed aut aspernatur quia ipsam enim omnis sed itaque eos est hic optio ratione vero nulla dolorum non dolore qui expedita qui omnis hic architecto autem.', 11, 81),
(268, '3', '2021-04-28 01:32:39', 'Dolores et et quia maiores eum', 'Nihil dolores aut optio rem quo sit aperiam sint officia nostrum dolor sed enim quo aliquam omnis et quaerat nemo fugiat modi repellat quibusdam expedita reprehenderit rerum ipsa voluptatem quibusdam modi est rerum voluptatibus minima omnis.', 11, 87),
(269, '3', '2020-07-27 03:08:17', 'Laborum sunt dolor quia doloru', 'Id expedita voluptatem et dolor delectus dolor sequi expedita consequatur neque dolores perspiciatis reprehenderit cumque molestiae nesciunt magnam qui vero ab molestiae quia beatae repudiandae facere ut et tempora nulla ab ut aliquam et dolorem quo.', 11, 75),
(270, '1', '2021-05-26 01:41:57', 'Enim quod placeat magni tempor', 'Veniam qui in pariatur pariatur quia quia perferendis nemo a explicabo adipisci voluptas sit sunt reiciendis sunt architecto recusandae nobis velit quas harum aut in consequatur quis vel itaque illo recusandae quis modi possimus non.', 11, 55),
(271, '1', '2020-07-18 16:30:41', 'Quaerat aut aut corrupti conse', 'Consequatur voluptatem consequatur tempora praesentium eum illum deserunt quas dicta soluta eum libero sapiente consectetur necessitatibus commodi enim cumque voluptas sunt praesentium a nisi ut et sed rerum qui nisi beatae non illo libero perspiciatis consequatur sint omnis ea odio.', 11, 78),
(272, '3', '2020-08-20 09:49:49', 'Reprehenderit ullam eum.Vitae ', 'Eligendi qui aut et velit assumenda earum nostrum odio soluta illo et quas reiciendis consectetur non natus sequi sed natus maxime rerum quaerat possimus et dignissimos repellat consequuntur tempore molestias enim qui nam porro fugit.', 11, 58),
(273, '3', '2020-08-06 12:19:14', 'Ut necessitatibus quidem cupid', 'Ut quia iure maiores dolor quod quas autem et ut dolor autem inventore officia accusamus voluptate ut accusantium ipsa blanditiis qui velit totam rerum et non consequuntur eius voluptas voluptas sequi et ea ullam debitis.', 11, 94),
(274, '3', '2021-03-19 10:39:26', 'Earum asperiores nihil debitis', 'Qui placeat nihil aut minima ratione at officiis blanditiis placeat modi commodi laboriosam eius atque quis aut vel quibusdam quas cumque consequatur expedita earum soluta molestiae aspernatur mollitia eos eos consequatur recusandae est repellat dolorem molestiae.', 11, 82),
(275, '1', '2021-02-25 07:59:25', 'Laudantium dolorem possimus qu', 'Consequatur vero voluptate aut in ducimus in non sint corporis officiis qui provident vero veritatis natus nesciunt illo nostrum ut qui voluptates minus suscipit vel dolorem et et sequi architecto vel soluta occaecati et a est iste.', 11, 89),
(276, '1', '2021-04-28 12:56:21', 'Quia est ut.Sit rerum porro eu', 'Repudiandae et impedit voluptatibus omnis facilis necessitatibus dolorem consequatur vel accusantium voluptatum quia voluptates ut laudantium dolore fugit architecto non quasi rerum aliquam dolorem quas velit suscipit asperiores vel laborum enim occaecati voluptas maxime omnis animi.', 12, 89),
(277, '1', '2021-04-28 22:37:38', 'Labore esse nemo.Suscipit libe', 'Et nihil modi corrupti veniam iusto blanditiis occaecati alias id consequatur expedita vero quae tempore nihil est distinctio assumenda est laudantium reiciendis deserunt quam sit et et temporibus praesentium cupiditate quaerat consectetur in aperiam velit dolores est.', 12, 57),
(278, '1', '2021-04-29 21:59:35', 'Delectus ut eius est omnis.Vol', 'Porro commodi sit voluptatem et aperiam sed laudantium qui sunt explicabo est repellendus quidem nihil et quod impedit aut est et vitae debitis illo corporis maxime enim eos quisquam sed expedita provident molestias eum autem libero eligendi in.', 12, 72),
(279, '3', '2020-10-27 04:23:27', 'Hic sint dolores aliquam.Iste ', 'Quisquam est officia voluptas debitis ea eos doloremque eius quis suscipit atque qui occaecati odio sint esse et ipsa similique sapiente ad aut nam provident commodi eos consequatur dolorem optio neque qui voluptate facere animi ab eveniet dolores autem.', 12, 97),
(280, '1', '2020-05-26 16:08:32', 'Voluptate modi tempore tempore', 'Excepturi earum provident aperiam animi est cum rem labore alias assumenda quae et voluptatem nihil maxime in optio consequuntur ipsum tenetur dolores dicta et nostrum numquam harum quibusdam tenetur et quod rerum molestias officia natus et quidem quod et.', 12, 62),
(281, '3', '2021-04-09 02:03:00', 'Doloribus recusandae omnis vol', 'Consequatur rerum voluptate nulla expedita tenetur sapiente possimus fuga quo nihil beatae iusto voluptatem saepe libero exercitationem veniam cum rerum omnis natus porro id modi qui iusto cumque quasi doloribus saepe dolores vel iusto beatae molestiae sint.', 12, 75),
(282, '3', '2021-03-12 14:34:06', 'Sit atque est magnam aut alias', 'Rerum sed minus fugit perspiciatis voluptatem neque et voluptas quia dolorem et cupiditate voluptatibus ea est enim vel illo commodi facere quaerat provident nulla aut libero totam recusandae commodi id aperiam ut accusamus fugit odio et esse aperiam.', 12, 53),
(283, '3', '2020-11-11 14:17:45', 'Autem porro optio.Dolor aperia', 'Aut explicabo aut vel error impedit quisquam saepe commodi dolor ratione ducimus rerum aliquid laborum quia ad et est reprehenderit neque saepe qui doloribus fuga est aut dolores placeat voluptas natus doloremque aut quia alias quia.', 12, 72),
(284, '2', '2020-08-22 01:14:38', 'Necessitatibus dolor molestias', 'Voluptatem consequuntur placeat unde pariatur rerum molestias alias nostrum tenetur nihil quidem animi iste omnis nostrum voluptatum quam facere eos ullam aspernatur et soluta distinctio necessitatibus ut facere officia est quae facere ut et dolore.', 12, 54),
(285, '3', '2021-02-06 02:08:08', 'In quidem et ut.Et ad autem qu', 'Id dolores fuga distinctio itaque dicta pariatur occaecati voluptatem deserunt doloribus impedit quam possimus beatae molestiae corrupti reiciendis quia quidem id illum qui perferendis saepe architecto magni voluptatibus autem vel quas voluptatem molestiae et ea est inventore qui autem voluptatem.', 12, 65),
(286, '2', '2020-09-03 20:07:58', 'Dolorem doloribus ducimus quas', 'Asperiores eligendi ad illo animi sit sunt laudantium tempore numquam laboriosam sed sint ut voluptas doloremque vel pariatur modi dolorem veniam nesciunt vel mollitia cumque libero ratione vero harum labore beatae possimus aliquam eos qui et accusantium ea voluptatum.', 12, 79),
(287, '2', '2021-03-25 02:32:02', 'Rerum rerum repellat placeat s', 'Non doloremque ipsam quo autem eius atque ab ipsam libero debitis omnis nam fugit nihil natus rerum veritatis vel voluptas sunt ut ab nesciunt sit excepturi ab amet aut maxime et doloribus ut voluptates id corporis corporis est.', 12, 95),
(288, '3', '2020-08-21 18:08:55', 'Facilis autem qui excepturi el', 'Maxime qui dolores rerum deleniti atque et saepe aut molestiae ut iusto dolore sunt asperiores id quo vel aut voluptatem sint cum vitae culpa aut aut enim dolor id soluta laborum magnam fugiat ratione aliquid quia velit molestiae voluptas sit.', 12, 58),
(289, '1', '2020-10-10 21:59:48', 'Eos dolores accusantium non et', 'Vero qui corrupti praesentium deserunt velit similique ab qui voluptatem beatae voluptates consectetur non ex saepe eius sapiente ut assumenda occaecati vero fugit sunt nihil error reprehenderit cupiditate cupiditate id sit aut totam qui dolores.', 12, 101),
(290, '2', '2020-09-06 10:07:36', 'Similique molestiae quae ut do', 'Sunt ut laboriosam illum et laboriosam alias sed veritatis enim vitae voluptatum id quas magni et commodi officia nulla non perferendis labore perspiciatis ut aut necessitatibus doloribus voluptate nemo ullam voluptatem perspiciatis facere atque sit ut aspernatur dolore qui.', 12, 85),
(291, '2', '2021-01-16 18:50:41', 'Qui modi fuga autem occaecati ', 'Consequatur in in eveniet inventore nisi quia harum ut in praesentium quis voluptas mollitia sequi sint numquam aut corrupti ut et cum aut nobis enim corporis est asperiores et illum sequi ut tenetur quo aperiam animi.', 12, 97),
(292, '3', '2020-06-25 21:01:11', 'Explicabo qui labore aut volup', 'Sequi ea aperiam eveniet debitis deserunt nihil error sunt iste repudiandae voluptatem nihil molestiae atque veniam et eos qui aut voluptates sit facere et id adipisci qui voluptates voluptas accusamus et est quasi tempora fugit quia.', 12, 73),
(293, '1', '2021-03-13 12:43:17', 'Et dolor earum vero nostrum ac', 'Consequuntur doloremque mollitia quas quidem eius optio perferendis ut velit voluptas excepturi soluta dignissimos ut numquam aut tenetur enim dolore eligendi porro sed sint non amet vitae accusantium et odit sit omnis omnis illum tenetur labore sapiente beatae.', 12, 89),
(294, '1', '2020-08-24 11:37:12', 'Iure commodi voluptatem est do', 'Qui architecto sit molestiae et eveniet nemo ipsum qui eius laudantium consectetur laudantium mollitia illo nemo ullam quae et quis eum consequatur corporis eos quia aut assumenda aut mollitia in dolorum quod voluptatibus amet unde et quod.', 12, 55),
(295, '1', '2020-10-07 17:31:52', 'Mollitia ea magnam.Rerum omnis', 'Rerum a enim facilis est rerum voluptatibus nesciunt placeat eos alias voluptas eos doloribus autem vitae delectus aliquam dolorem illo ad deleniti qui et enim minima cupiditate et culpa pariatur nobis dolore sapiente sapiente aut quia ea laboriosam vel ad.', 12, 76),
(296, '2', '2020-12-23 22:02:29', 'Amet iusto rerum et iste debit', 'Asperiores a commodi delectus et sapiente ipsam reprehenderit impedit ut doloremque est tempora voluptatem itaque dignissimos ullam sint exercitationem aspernatur cupiditate voluptatum vel temporibus velit officiis fugit esse quisquam et ad sed deserunt nemo quae maiores commodi.', 12, 71),
(297, '3', '2020-06-11 16:53:58', 'Inventore et impedit non sapie', 'Incidunt fugiat ad aliquam ut quibusdam doloribus possimus id dolores nisi a nihil laboriosam voluptatem consequuntur laboriosam ipsa est mollitia soluta et modi ea facere quia sit quia earum quam voluptate nostrum soluta rerum molestiae qui.', 12, 94),
(298, '1', '2020-09-13 12:03:01', 'Quibusdam rerum reprehenderit ', 'Non et itaque atque doloremque quis quia minima laudantium neque quia deserunt hic nostrum hic deserunt est est reprehenderit voluptatibus dolores itaque facilis voluptas voluptatibus accusamus facere doloremque veritatis veritatis impedit consequatur enim pariatur sunt voluptas.', 12, 66),
(299, '3', '2020-08-04 00:47:53', 'Fugiat maiores sit.Sunt aut qu', 'Similique sed voluptatem possimus et architecto aut dolores minima autem assumenda et a est repellat officia dolorem quod aut nostrum sequi sed blanditiis ut neque qui sunt qui aut vel voluptatem voluptas id facere et aut placeat quia nulla.', 12, 82),
(300, '1', '2020-09-29 05:14:23', 'Ea quibusdam ducimus aut est.I', 'Harum voluptatem tempore qui voluptatem maxime ullam deleniti magni earum architecto in minus est ea ut dicta laudantium vitae officiis et impedit officia modi provident voluptatum nisi nulla dolores sed sed et omnis doloremque odit dolorem.', 12, 82);
INSERT INTO `evenement` (`idEvenement`, `graviteEvent`, `dateEmission`, `titreEvent`, `descriptionEvent`, `idRegistre`, `idPersonnel`) VALUES
(301, '2', '2020-08-26 12:10:39', 'Impedit eum illo optio perspic', 'Quia commodi at rerum vitae aut eos porro et et voluptates modi mollitia aspernatur amet ut vel doloribus maiores doloribus vel sequi corporis distinctio minus sed quia dolores et distinctio perspiciatis consectetur maxime quia voluptates quia esse.', 13, 60),
(302, '2', '2020-07-29 00:38:25', 'Odio occaecati sapiente est am', 'Maxime et occaecati sunt labore quo in vel reprehenderit aperiam a alias mollitia sed perspiciatis perferendis rem labore possimus iste iusto voluptatum velit facere beatae ut rem totam molestias culpa repellendus omnis natus asperiores molestiae natus inventore rerum laudantium et.', 13, 97),
(303, '2', '2020-11-22 07:33:41', 'Harum tenetur vitae ut aut und', 'Et quaerat nihil nesciunt autem distinctio totam vel numquam rerum molestiae esse ducimus repudiandae molestiae architecto corrupti aut quia culpa nesciunt vitae dolorem quasi voluptatem qui omnis adipisci vel molestias voluptatem nobis et iusto qui ut odio delectus minus.', 13, 68),
(304, '1', '2020-06-05 04:29:55', 'Ipsam aspernatur eum dolorem.E', 'Expedita consequatur qui qui ipsam officiis aut porro unde iste excepturi repudiandae officia consequuntur harum odio modi debitis similique odio alias non error aut enim molestias excepturi nam consequatur enim assumenda perferendis veniam doloremque consequuntur magni.', 13, 68),
(305, '3', '2020-11-06 20:09:32', 'Quia enim tempora exercitation', 'Quis cum aliquid nam vero dolores temporibus vel dignissimos culpa magnam aut numquam dicta laboriosam voluptate non aperiam officiis omnis eligendi amet suscipit iure vel consequatur quia beatae ea doloremque temporibus dolor omnis provident blanditiis.', 13, 63),
(306, '3', '2020-06-04 18:05:03', 'Et molestiae at provident id o', 'Tenetur iusto velit enim reiciendis sunt dolorum et vel eos minima molestias deleniti provident ipsam voluptate cumque est quisquam enim doloribus tempora aut deserunt vel sit quidem beatae alias non soluta explicabo cupiditate deleniti incidunt atque quo.', 13, 88),
(307, '3', '2021-04-16 15:13:51', 'Nulla nisi quas et.Veritatis t', 'Dolores maiores qui sunt minima suscipit doloribus pariatur rem provident aut vitae itaque aut qui ex expedita quae architecto sit hic et ducimus accusantium non aut animi explicabo eligendi aut architecto nisi accusamus consequatur consequatur reprehenderit fuga.', 13, 68),
(308, '3', '2020-06-08 21:15:22', 'Quibusdam similique et praesen', 'Fugit est quam dolorem sed distinctio facere aspernatur et eligendi beatae consequatur velit eveniet assumenda aspernatur dolor iusto non quia fugiat quo dolor commodi eius alias cupiditate nam ut error alias non omnis ipsam laborum totam praesentium.', 13, 67),
(309, '2', '2020-05-28 11:59:51', 'Assumenda cum illo earum odit ', 'Nulla aliquam quia accusamus ut amet quos laboriosam maiores molestias rerum totam molestias neque vel sequi nulla quia odio ipsa minus cupiditate id rerum mollitia aperiam perspiciatis et quis deserunt ut sunt temporibus itaque perspiciatis eos.', 13, 66),
(310, '3', '2020-06-05 02:12:32', 'Vel fugit deserunt saepe dolor', 'Debitis voluptatem in adipisci et voluptatem ex nam eum optio adipisci cupiditate assumenda unde eligendi eum ut et perferendis consequatur voluptate dolore nihil qui quas corrupti sed accusantium voluptatem consequatur et qui iure quia repellat non enim sunt aspernatur voluptas.', 13, 103),
(311, '2', '2020-06-04 11:21:10', 'Optio aut ut voluptatem molest', 'Porro quia autem laboriosam ut et maiores eveniet odio sapiente dignissimos itaque accusantium dignissimos ullam laborum aut enim et aperiam sequi voluptas enim ut est et quia et omnis id velit nisi delectus velit corporis.', 13, 63),
(312, '2', '2020-07-28 16:27:09', 'Quis id sit voluptatem harum p', 'Accusantium amet perspiciatis est qui pariatur ut aut ipsam dignissimos nulla unde sint ducimus sed ducimus ut consectetur officia nemo et et provident vel accusantium placeat porro amet at aut consequatur recusandae ut alias doloribus sunt sunt.', 13, 70),
(313, '2', '2020-08-02 05:07:24', 'Sint earum dolorem blanditiis ', 'Et at voluptatem officiis labore voluptatem et distinctio natus libero quia ab laborum eius maxime pariatur deserunt rerum consequatur explicabo sunt incidunt deleniti qui quia fuga possimus quam consequuntur exercitationem error consequatur nemo molestias optio optio totam quod voluptas minima.', 13, 53),
(314, '2', '2021-03-08 22:40:00', 'Veritatis consequatur voluptat', 'Enim omnis ut ex magnam eos laborum reiciendis ad aut amet et ipsum itaque laborum porro rerum et sed id temporibus mollitia et harum qui libero sunt reiciendis quo totam facilis vel suscipit soluta est rerum architecto quo perspiciatis.', 13, 72),
(315, '1', '2021-03-08 03:58:27', 'Laudantium officiis et saepe i', 'Autem quos eius error dolores minus placeat est aut placeat aut ab perspiciatis facere dignissimos quo adipisci maiores dolorum atque earum necessitatibus totam aperiam velit minus est quasi soluta repellat ipsam aut nobis eum id non quidem.', 13, 104),
(316, '1', '2021-05-10 08:56:07', 'In ut voluptatum consequatur a', 'Aperiam illo aut cumque et aut accusamus et quia voluptatem molestiae aut molestiae corrupti ipsum tempore dolores voluptatibus numquam harum ducimus cumque officia deserunt id commodi explicabo quidem maxime ullam et ea dolore est blanditiis voluptas provident dolore dolorem.', 13, 68),
(317, '1', '2020-07-01 06:33:55', 'Culpa sint laboriosam dolor.Vo', 'Ea animi ut laudantium adipisci impedit non sit ut voluptatum similique reprehenderit et aut suscipit quia expedita quasi voluptate optio ut et iusto modi placeat perferendis ducimus possimus omnis harum recusandae sed saepe voluptate qui dolorem quae.', 13, 102),
(318, '2', '2020-07-03 15:08:22', 'Aspernatur mollitia rem ab off', 'Quod ut labore amet et officiis blanditiis ducimus nostrum repudiandae qui consequuntur odit dolorem nulla placeat consequatur sapiente tempora et quo et rerum rerum officiis a labore repellendus eligendi exercitationem fuga ipsum explicabo velit velit est doloremque eos saepe qui.', 13, 79),
(319, '1', '2021-02-11 13:18:07', 'Alias ut qui unde fuga at non.', 'Et nihil beatae autem adipisci quasi quia consequatur qui incidunt repellat voluptatum modi qui voluptatem officiis nesciunt cum sequi adipisci hic enim consequatur non facilis laudantium voluptatem ut voluptatum excepturi a ipsum soluta sed quas sunt sit reprehenderit quam et.', 13, 56),
(320, '3', '2020-10-07 07:08:38', 'Similique est et voluptates sa', 'Asperiores at vel soluta repellendus vel officiis quidem earum nobis rerum et odio est voluptatem consequatur autem est amet itaque et voluptatem quia architecto id aspernatur quia hic ab dolorem qui magni architecto porro soluta veritatis.', 13, 85),
(321, '1', '2020-11-30 14:41:43', 'Quae sit cum natus.A reprehend', 'Culpa provident quia et voluptatibus sint autem et soluta quos repellat omnis sit quis aut numquam ut ea vel earum id ducimus consequatur ut quo mollitia exercitationem eos quisquam facere quo perferendis maiores enim at dignissimos qui eos.', 13, 93),
(322, '3', '2021-04-05 07:38:43', 'Est eaque hic consequatur volu', 'Repellendus voluptatum maxime et deleniti sunt quaerat est eos deleniti rerum incidunt autem adipisci ut tempore quod optio incidunt laboriosam quo enim totam voluptatem saepe similique delectus et architecto eos officiis velit et voluptatem quod.', 13, 87),
(323, '3', '2020-06-22 21:58:16', 'Possimus beatae consequuntur.E', 'Consequatur itaque et ut incidunt eos non laboriosam incidunt quos corporis ut qui iure rerum voluptate repellat et fugit asperiores expedita ipsum totam ratione facere consequatur maiores non rerum voluptatem est voluptatem officiis sed officiis quia.', 13, 64),
(324, '2', '2021-05-19 13:08:03', 'Architecto in nemo ex et.Iure ', 'Est qui officia dolorem quia aut cumque id et sed nesciunt ut odit voluptatem consequatur consequatur omnis aliquam ducimus maxime amet assumenda dignissimos et facere quibusdam officiis soluta reiciendis eius est et quia ducimus deserunt ullam.', 13, 90),
(325, '3', '2020-08-21 17:11:44', 'Dolores et consequatur iste pr', 'Eos nihil unde voluptates quos perferendis id aliquid reiciendis reiciendis esse rerum officiis labore placeat error quos omnis qui voluptatem eos id numquam eaque qui sint ullam aut sint occaecati quo perferendis recusandae atque quibusdam quos.', 13, 62),
(326, '2', '2020-09-05 11:30:56', 'Quam odit nesciunt assumenda r', 'Nemo quo est eum minus consequatur consequatur maxime repellat earum expedita perspiciatis reprehenderit quas non officia reiciendis commodi eveniet cumque ipsa magnam porro perferendis eos eaque quasi vel laudantium dolorem sit totam magni sunt minus molestiae laboriosam excepturi facere repudiandae.', 14, 83),
(327, '3', '2021-02-04 21:00:38', 'In laudantium molestiae est.Ve', 'Praesentium eos veniam ut et hic cum nostrum repellendus sit qui eius sint nobis tempore aut eaque est repellat sed dolores quod illo quia illum quo laudantium quo eos voluptatum excepturi porro suscipit ut sunt.', 14, 101),
(328, '3', '2020-06-08 10:09:44', 'Voluptatibus error harum.Debit', 'Vel repudiandae architecto enim dignissimos voluptas qui assumenda nemo ea voluptatibus sit voluptas ullam consequatur tempore sed beatae voluptatem deserunt nesciunt laboriosam illum amet non blanditiis rerum delectus a necessitatibus et occaecati sapiente quia voluptatem magnam illum eligendi.', 14, 84),
(329, '2', '2020-07-09 11:51:40', 'Voluptatum sed nobis.Porro vel', 'Necessitatibus nemo libero et ipsam facilis occaecati modi ea et non quisquam veritatis nihil sunt vel aliquid consequatur et quo aut ut autem quis qui et quo consequatur magnam vel occaecati est ad tempore qui totam harum ea.', 14, 91),
(330, '3', '2020-06-17 20:38:31', 'Magnam dolores consequatur rep', 'Non eum accusantium ea non repellendus eum consequatur quis sunt molestiae quisquam placeat nemo adipisci commodi harum rerum natus accusantium ad ea laboriosam culpa nisi unde explicabo deserunt sequi eum a quibusdam pariatur porro repellendus.', 14, 97),
(331, '2', '2021-02-18 14:31:37', 'Quo iusto incidunt esse et eos', 'Quis magnam molestiae laudantium maxime harum quia cum animi quis occaecati sunt in enim nisi sint incidunt aliquid et aut vel autem et sit voluptatem ipsa accusantium debitis rerum eos rerum reiciendis eaque dolores omnis.', 14, 96),
(332, '1', '2020-06-20 11:13:41', 'Et consequatur excepturi eos q', 'Et vel aut tenetur quia non quaerat quos non inventore est sed quia voluptatibus quibusdam voluptates quia voluptatem nemo culpa ut non corrupti veniam quia unde odit eius autem voluptas esse quis mollitia facilis voluptatem laborum quia labore placeat iste.', 14, 83),
(333, '1', '2020-08-07 06:40:20', 'Est rem quisquam numquam sit.M', 'Aut adipisci tenetur minima eligendi quia ratione reiciendis voluptatum quas qui in ut ut dolorem ab aut et aut corrupti laborum molestias beatae ipsa rerum laudantium animi sed vitae ut ea aut hic enim tenetur.', 14, 87),
(334, '3', '2020-10-12 11:48:56', 'Dolorum sit et ratione.At ut q', 'Rem et assumenda et deleniti voluptatum sint eaque minus qui molestias sed non qui placeat repudiandae sequi ut est explicabo aliquid sed necessitatibus quam illum in deleniti autem autem est sunt fuga aut accusantium ea earum distinctio eaque dolor voluptate.', 14, 82),
(335, '1', '2021-01-18 22:20:16', 'Voluptatem rerum sit magni ips', 'Quam sit libero facere tempore commodi illo in eaque aut mollitia qui et culpa ea asperiores sit quasi vel ut magnam quasi hic temporibus sed voluptatem saepe non sint tempore omnis maiores ipsam dolorum quae vitae.', 14, 83),
(336, '1', '2020-08-23 13:51:43', 'Ex et fugit maiores officiis a', 'Ut soluta ut minus provident rerum aperiam quo excepturi voluptatem non magnam rem voluptatem ut voluptas molestiae qui iste et id voluptatem rerum deleniti provident voluptatem voluptas ad aut architecto vel voluptatem laborum eos error minima adipisci nisi eum ipsa.', 14, 63),
(337, '1', '2020-07-03 15:35:52', 'Est fugit quibusdam recusandae', 'Magni est aut quia itaque fugiat velit aut id fugit sunt qui quia assumenda voluptas iste distinctio ut et consectetur laboriosam qui accusantium voluptatum veniam sunt molestias corporis deserunt maxime voluptatem qui alias ducimus placeat velit aut dolore nobis.', 14, 76),
(338, '2', '2020-07-14 23:28:04', 'Quia esse asperiores.Minima do', 'Qui ad alias autem et earum ad consequatur consequatur expedita quis fugit molestias est esse occaecati natus aut dolore dolores aspernatur at sit blanditiis aut impedit voluptate itaque incidunt non consequatur in eligendi blanditiis assumenda.', 14, 89),
(339, '1', '2021-01-10 08:30:20', 'Porro sit qui aspernatur volup', 'Vel molestias nobis rerum eius nostrum et a est consectetur et vel itaque et quo id illum nesciunt libero tempora qui in numquam eius voluptas nulla officia ea sint quam quia culpa nihil voluptatem aperiam neque.', 14, 94),
(340, '2', '2020-08-15 15:27:28', 'Placeat aut voluptatum exercit', 'Omnis ab eos ut harum amet quisquam sed illum maiores officiis inventore architecto reiciendis est aperiam a quibusdam eum quisquam dolor cumque vero esse impedit optio eos in tempore reiciendis similique ut error ut natus voluptates et.', 14, 75),
(341, '1', '2021-02-13 14:13:18', 'Nam voluptatibus omnis amet.Un', 'Et assumenda aut corporis quo corrupti id porro fugiat molestias harum exercitationem officia repellendus sapiente nemo est eos eos assumenda velit et maiores et rerum ea nihil delectus et aut nemo sequi ut consectetur et quidem sit atque optio fugit.', 14, 104),
(342, '1', '2020-07-23 12:32:08', 'Architecto itaque voluptatem f', 'Nobis earum consectetur et facilis omnis quaerat maxime repellendus illum est incidunt sed delectus necessitatibus illo occaecati velit id sed voluptatem asperiores reprehenderit facilis ut qui quia a illum quos dicta sint ut aut corrupti velit quia aliquid.', 14, 58),
(343, '1', '2021-01-04 16:41:59', 'Et molestias quis.Nihil quis v', 'Esse autem dolor ut et eum doloremque qui eaque ut quasi autem qui quis sed qui voluptatem consequatur similique corporis voluptatem omnis est nesciunt facilis perferendis laudantium animi quia vitae dolorem consequuntur laborum omnis officia delectus non ut quia.', 14, 61),
(344, '1', '2020-09-22 11:59:41', 'Harum et sit.Totam eius sed of', 'Aperiam et rem consequatur animi ducimus earum voluptas commodi enim exercitationem nobis possimus dicta nemo voluptatem numquam sequi optio id et dolore quisquam dicta et maiores non nisi est nulla esse vero perspiciatis voluptates quod.', 14, 87),
(345, '1', '2021-01-20 01:05:33', 'Velit vero enim.Amet culpa aut', 'Vel assumenda adipisci ut odit itaque quas nemo error quae provident tempore veritatis omnis dolorem quo et distinctio voluptas nisi similique consequatur temporibus perspiciatis quidem fuga neque deleniti et nihil quis cupiditate distinctio sed ratione deserunt est et.', 14, 93),
(346, '3', '2021-05-20 18:10:15', 'Officia eos maiores eum vel qu', 'Nam ex ullam officia delectus quidem ut quisquam aut delectus voluptatem impedit praesentium amet aut et sit autem possimus odit nobis sint omnis in distinctio explicabo et eos et aut ut quisquam officia consectetur iusto eos.', 14, 71),
(347, '2', '2021-02-03 04:43:03', 'Dolor dolor perferendis.Necess', 'Temporibus quia nesciunt omnis dolor nostrum sed molestias soluta ut ea recusandae corrupti culpa in ex sint dolor dolore et cum repudiandae eos debitis laboriosam quae dolor qui ut id soluta ab voluptatem voluptatem laudantium.', 14, 73),
(348, '1', '2020-07-31 16:16:52', 'Tenetur qui architecto libero ', 'Omnis ipsam ratione sequi iure eligendi est laboriosam magni dolorem dolores eum sed sed autem odit officiis expedita vel nemo sequi accusantium sunt est aut esse in velit culpa qui quam et ex dignissimos modi est quia.', 14, 65),
(349, '1', '2021-02-04 16:20:53', 'Iure saepe ducimus ea voluptat', 'Alias qui autem eius omnis ullam cupiditate nihil fuga voluptatem id et inventore recusandae laborum explicabo laboriosam perspiciatis voluptatibus autem facilis ut repellat rerum similique assumenda qui consequatur id eos sint nihil sint temporibus dolore.', 14, 59),
(350, '1', '2020-07-05 03:52:43', 'Sit voluptatem perferendis eli', 'Magnam nulla ipsum laboriosam hic ut saepe eius tempora dolor odit ut non asperiores rem et exercitationem dolores minima perspiciatis iure placeat eaque nihil praesentium sint aut quaerat facilis consequatur accusantium dolorem et optio voluptatum est mollitia consectetur.', 14, 104),
(351, '1', '2020-10-25 11:20:59', 'Harum porro quae ullam.Rerum t', 'Quo ut sequi assumenda labore itaque doloremque aut nobis eveniet sed perferendis quaerat voluptas temporibus omnis sapiente magni qui ipsa magni harum iusto ipsa est sunt quas id itaque explicabo quia voluptatum sed veniam animi magnam alias ducimus.', 15, 105),
(352, '1', '2020-09-18 18:27:47', 'Natus sit amet.Aut minus corru', 'Qui facilis explicabo iusto neque quod explicabo rerum dolores odit repellendus consequatur quam quidem veritatis veritatis reprehenderit et expedita nihil inventore qui perspiciatis et mollitia iste voluptate tempora iure soluta repudiandae adipisci libero sequi id porro facere vel perferendis dignissimos.', 15, 108),
(353, '3', '2020-06-03 04:00:33', 'Et fugiat voluptatem eligendi ', 'Maiores nesciunt tempore sequi sunt a qui et asperiores magni quidem suscipit aut cupiditate rem consectetur itaque velit minima occaecati quia aut eius voluptate sunt esse in in debitis aut perspiciatis sunt odio ullam numquam explicabo omnis molestiae dignissimos dolorum.', 15, 105),
(354, '1', '2021-01-19 12:38:27', 'Esse dolores facilis sed dolor', 'Est quo facilis nostrum enim molestias voluptatibus necessitatibus sint odit eos soluta qui ducimus sequi ut aliquid in corrupti a et est rerum neque qui dicta sit asperiores cumque eum porro odit aut quo et placeat voluptatem maiores.', 15, 108),
(355, '1', '2020-05-27 14:09:20', 'Dicta facere consequuntur non ', 'Delectus ratione iste nam saepe molestiae incidunt corrupti culpa nemo voluptatum accusantium explicabo eum dolorum repudiandae ut id ullam magni consequatur consequatur quo necessitatibus maiores aliquam recusandae ipsa officiis fugiat ipsa sed quia pariatur ut quae earum ipsa.', 15, 105),
(356, '2', '2021-04-18 01:00:54', 'Est provident aut vel.Exercita', 'Minus illo laborum sed sint doloremque dolorem voluptatem amet est fuga explicabo dolorem ipsam quaerat placeat expedita deserunt sed incidunt et unde omnis animi unde vero rerum nihil animi eaque perferendis eveniet repellat quo est porro tenetur aut.', 15, 107),
(357, '3', '2020-09-25 05:52:49', 'Velit sit sed molestiae corrup', 'Enim eos vel natus ex ut sapiente est sunt consequatur sed debitis cupiditate voluptatem eveniet sed unde error doloremque fugit deleniti harum minima ullam similique officia beatae aut adipisci corrupti sit qui tenetur quasi in non.', 15, 106),
(358, '3', '2021-01-10 20:21:01', 'Cum sequi quia.Excepturi volup', 'Est enim ipsa dignissimos consequuntur quia cumque magni libero minus ad deserunt illo facere dolor sequi architecto aut tempore cum alias deserunt nobis labore rem recusandae temporibus suscipit at similique sunt aspernatur quos consequuntur quasi itaque omnis.', 15, 108),
(359, '1', '2020-11-12 07:12:52', 'Nam aliquid quisquam provident', 'In omnis tempora id dolorem quos velit voluptas voluptatibus temporibus praesentium illum nihil aut eaque maiores enim ducimus ipsam mollitia quia quisquam consequatur quis est nisi itaque explicabo unde temporibus excepturi autem ipsa quae qui neque.', 15, 106),
(360, '2', '2020-10-19 06:19:14', 'At qui quam nihil et.Aliquam m', 'Ducimus rerum sunt provident omnis similique possimus reprehenderit fuga occaecati labore consequatur impedit delectus et doloremque laborum porro aliquid voluptatem nisi voluptas iusto iusto molestias inventore magnam in consectetur aperiam illum enim laboriosam placeat perferendis.', 15, 107),
(361, '3', '2020-10-18 14:22:21', 'Corporis sed tempora sunt dolo', 'Nisi dolore sunt autem voluptatem dolores voluptatem distinctio rem similique totam beatae consequatur architecto aut distinctio molestiae et nemo vel dolorem est mollitia neque a nihil officiis non qui quo et suscipit autem ratione natus quis tempore quo velit.', 15, 107),
(362, '3', '2020-09-08 01:35:54', 'Doloribus et deserunt vel veli', 'Possimus omnis magni architecto velit harum dignissimos sapiente omnis quis aut cum dicta beatae neque nostrum et consequatur eos quam vero laboriosam optio sequi sed ea dolores et blanditiis nulla non sapiente provident adipisci et officia.', 15, 105),
(363, '2', '2021-03-25 22:27:53', 'Deleniti saepe eos enim maiore', 'Itaque non ratione non eum modi placeat aliquid est sequi laudantium optio corporis voluptatem doloremque asperiores quidem nostrum quo vitae labore libero iure maxime facere maxime necessitatibus occaecati est voluptas ut quis autem est hic repellat ut voluptatem adipisci.', 15, 107),
(364, '2', '2021-03-15 13:24:33', 'Repudiandae ipsa ut.Sed quae v', 'Quasi voluptatum omnis odio perferendis sint qui ipsa sequi est non quia voluptatibus repellat recusandae voluptas tempora et sit et rerum et nihil eum explicabo facere accusamus mollitia est nam voluptatum quasi placeat provident velit.', 15, 107),
(365, '1', '2021-05-06 07:07:58', 'Voluptatem eos nemo nesciunt.A', 'Quia rem dicta eveniet eligendi dolor est sed nihil consequatur aliquid cumque iste non est neque facilis neque ut est omnis quo sint voluptate aut consequatur est velit enim aut ut maxime voluptatem assumenda est molestias vel vitae dolorem aut.', 15, 105),
(366, '3', '2021-01-19 23:42:23', 'Dolor voluptas fugiat.Tempora ', 'Numquam doloribus ratione mollitia harum et et numquam esse et adipisci sapiente id ratione quod et odio veniam totam sit qui eum quidem dolorem earum illo facilis id aliquid porro fugit id tempore sit est labore iusto aliquid sequi.', 15, 106),
(367, '3', '2020-09-09 05:13:30', 'Suscipit totam magni non tempo', 'Non nulla perspiciatis voluptas quia est quod quibusdam aperiam consequatur quasi dicta sint fuga animi aperiam est nesciunt explicabo exercitationem aut ea voluptatem ut voluptatem error sunt tempore voluptatem modi corrupti sunt itaque sed error aliquid quasi est odit.', 15, 105),
(368, '1', '2020-10-02 10:35:02', 'Omnis aperiam aut sit.Et volup', 'Molestiae qui commodi quo non voluptatibus aut unde quia neque a repudiandae in quia voluptas rerum velit iure repellendus occaecati itaque qui fugit minima maxime est eos consequuntur recusandae quibusdam modi explicabo a modi autem sint est et explicabo iusto.', 15, 108),
(369, '2', '2021-02-05 10:20:35', 'Et qui sapiente dolores conseq', 'Architecto temporibus nihil laborum itaque nemo provident qui deleniti aut placeat repellat dolorem aspernatur non quia aut in incidunt vero dignissimos ut occaecati porro id nihil officia est eos ut ea nemo distinctio eligendi commodi quaerat.', 15, 105),
(370, '1', '2021-02-07 15:49:55', 'Consequatur consequuntur ullam', 'Optio ut eos maxime earum recusandae reprehenderit omnis dolorem fuga ut labore quas earum omnis repellendus necessitatibus veniam laboriosam et aut excepturi dolor ab quibusdam odit facilis eos recusandae sed ut dolorem assumenda et exercitationem rerum quam enim.', 15, 107),
(371, '3', '2020-08-07 22:47:21', 'Et repudiandae reiciendis et e', 'Quibusdam aut ut blanditiis molestiae error corporis asperiores enim illo quam vitae qui commodi nihil at eum repellat atque facere est consequatur veritatis quaerat vel nihil aut qui fugit autem dolores est ipsam sequi est reiciendis adipisci.', 15, 108),
(372, '1', '2021-05-07 19:23:30', 'Odit ea ab impedit ipsam.Dicta', 'Odit voluptas quo quia voluptate fugit maxime repellat provident ex id sint consequatur architecto laboriosam sed incidunt dolor nemo provident quibusdam doloremque culpa voluptas eos et quo libero eos quibusdam ea qui dolorem et enim nesciunt.', 15, 105),
(373, '1', '2020-09-23 07:43:56', 'Exercitationem distinctio libe', 'Repellat maiores consectetur debitis eligendi facilis ullam culpa ullam ipsa inventore odio sed voluptas velit praesentium quo alias qui repellendus cum ut libero incidunt amet corporis harum et impedit aspernatur repudiandae dolorem numquam blanditiis blanditiis autem et eligendi consequuntur.', 15, 105),
(374, '1', '2020-07-11 22:11:36', 'Explicabo non consectetur.Expe', 'Sint eligendi accusamus aspernatur omnis enim molestiae aut eos ipsam aut accusantium non quasi id quam in aliquid id eos repudiandae impedit aut consequatur dolorem et ut qui omnis velit inventore quia velit molestiae deserunt non accusamus sunt.', 15, 106),
(375, '1', '2021-02-02 09:25:12', 'Perspiciatis maxime rerum et o', 'Praesentium aut debitis aperiam ut eos delectus est sunt non atque architecto excepturi id quia ullam nesciunt voluptatem consectetur tempora molestias voluptas rerum accusantium quo nam fugit facilis inventore ut ut quis vero suscipit consequatur expedita unde sunt soluta.', 15, 106),
(376, '3', '2020-12-18 08:03:20', 'Quisquam magni ab voluptate as', 'Tempora iste facere rem qui et ut a ipsum aliquid sit unde quo amet vel dolor minus optio porro quisquam ea natus ullam est doloremque quo aliquam placeat mollitia omnis atque at doloribus consectetur velit aut dolor nesciunt.', 16, 116),
(377, '3', '2020-12-13 22:12:27', 'Velit error ut voluptas.Rem na', 'Ratione voluptatibus aut est eum libero quaerat aliquam quibusdam sequi dolores distinctio ex magni tempore et quo nobis velit sint molestiae saepe iusto ea cum atque a est aut et eum quia minima distinctio natus sed eligendi.', 16, 120),
(378, '1', '2020-10-01 13:40:55', 'Sequi dolorum beatae ipsa.A as', 'Sit facilis amet animi officiis facere ut est aut commodi eligendi excepturi in perspiciatis voluptas nemo ipsa voluptatem quas quibusdam et magni voluptatem assumenda quo quia iusto sit sed totam consectetur doloremque molestias ut adipisci repellendus officia quam voluptatem.', 16, 134),
(379, '3', '2020-10-15 04:38:51', 'Temporibus qui tenetur repudia', 'Eum nulla qui quis ipsa odio natus quasi molestias architecto quod eligendi tempore rerum quibusdam unde dolor est praesentium ex a voluptas adipisci dolor veritatis voluptas ipsam expedita minus corporis quo qui et ipsam tempora et vel dolore.', 16, 120),
(380, '2', '2021-04-25 17:18:02', 'Modi rerum fugit eius est omni', 'Quo voluptatum optio assumenda vero incidunt consequatur iusto aliquid voluptatem voluptas aut rerum aut saepe laboriosam rerum aperiam quia iste aspernatur non nesciunt dolorem reiciendis ut vitae rem laudantium vel rerum veniam facere mollitia deleniti qui.', 16, 129),
(381, '3', '2021-03-31 08:27:34', 'Quia odit accusantium.Ducimus ', 'Voluptas totam reiciendis est recusandae totam incidunt iusto maiores veritatis voluptatem ea nemo vero sit corporis itaque reiciendis ab corrupti alias repellendus rerum consectetur fugit repudiandae qui consequuntur totam nihil accusantium minus cumque odit amet quibusdam qui.', 16, 143),
(382, '3', '2020-05-27 07:12:55', 'Laudantium et numquam soluta a', 'Corporis accusantium ullam reprehenderit et ea et aut explicabo quasi repellat et consequuntur vitae sit culpa consequatur qui ipsum maiores atque nam soluta est eius voluptas aut dolores id repudiandae aut occaecati eaque est atque deleniti quae dolorem laboriosam est.', 16, 139),
(383, '2', '2020-09-10 11:13:30', 'Dolore eius id eum et non.Cons', 'Asperiores minima voluptatibus dolorem et ea maxime quos voluptatem facere et itaque sequi perspiciatis nesciunt occaecati et veritatis est mollitia aut a tenetur et qui omnis eligendi illo repudiandae et eveniet tempora earum nulla accusamus.', 16, 119),
(384, '2', '2021-04-01 11:25:24', 'Autem maxime cum quasi repudia', 'Voluptates adipisci excepturi ipsum nostrum tenetur quisquam maxime totam deserunt quia in amet assumenda enim laborum et possimus ut pariatur temporibus eaque exercitationem sit accusantium impedit perspiciatis nemo sed voluptas laudantium explicabo eius ut laudantium ut a.', 16, 122),
(385, '2', '2020-10-28 05:03:23', 'In adipisci facere consequatur', 'Ut porro fuga dolorum sit cumque recusandae sint consequuntur illo quia et ipsam illum fugit beatae molestiae et et voluptatibus distinctio velit velit exercitationem qui ipsam omnis nihil et odit et laudantium aut ut delectus animi beatae nesciunt corrupti eveniet.', 16, 140),
(386, '3', '2021-03-29 23:50:01', 'Et nostrum harum et ullam.Ut i', 'Quaerat suscipit quis ab et maiores commodi vero quae nostrum rerum et tempora et dolore sunt est ipsum et id ipsum est sunt aut enim itaque pariatur iusto amet ut assumenda suscipit nostrum dolorem consequatur accusamus nostrum aut suscipit eveniet.', 16, 140),
(387, '2', '2021-01-23 08:10:10', 'Sapiente soluta et suscipit re', 'Quis sunt incidunt facere dolorem veniam est esse quos animi velit quis quaerat reprehenderit esse animi aut voluptatum necessitatibus id reiciendis excepturi est odit est blanditiis quia molestias quas dolores ducimus consectetur saepe autem autem occaecati.', 16, 143),
(388, '1', '2021-01-12 06:36:53', 'Ipsum modi recusandae id ut at', 'Vel cum velit est sint qui doloremque voluptatem quia magnam ullam corporis earum omnis vel laudantium ut qui cupiditate aut qui modi dolor rem quas eos blanditiis ut omnis qui sit rerum assumenda error delectus.', 16, 122),
(389, '1', '2021-02-07 02:47:11', 'Enim quisquam voluptates a seq', 'Animi libero qui corporis rem modi quia quia ad ut corrupti aut quae consequatur odit omnis aperiam natus quibusdam harum consequatur reiciendis amet asperiores dolore libero sunt minus eos vel cum animi sunt tempore temporibus necessitatibus ipsa exercitationem.', 16, 113),
(390, '3', '2021-05-05 21:16:09', 'Numquam aliquam dolores nobis ', 'Quia architecto ea sit voluptates temporibus minima beatae quidem voluptatem et quo tenetur laborum saepe in facilis debitis vel molestiae soluta omnis totam officia mollitia maiores libero assumenda qui iste eligendi quia nesciunt nostrum sint sequi sunt cum.', 16, 109),
(391, '3', '2020-08-18 08:27:55', 'Ex voluptatum ab et ipsam.Plac', 'Ullam et dolor corporis soluta nobis delectus suscipit autem consectetur neque vitae qui consequatur nisi corporis velit delectus soluta natus nihil culpa placeat quo dolores aut quaerat et ut iste iure mollitia et quo quam reiciendis quidem et.', 16, 119),
(392, '3', '2020-10-17 06:10:26', 'Non nihil inventore rerum.Qui ', 'Rerum molestiae vero aut cumque rerum eos ducimus illum maxime voluptatem voluptas eum architecto doloribus est repellendus sit perspiciatis dolore repudiandae asperiores enim corporis officia non modi non laborum minus eum quod accusantium accusamus qui asperiores doloribus fugit ut iusto.', 16, 117),
(393, '2', '2020-11-14 14:21:57', 'Vitae quasi dicta voluptate cu', 'Ut mollitia et deserunt incidunt quos deleniti deleniti aut repudiandae velit inventore vitae iure excepturi quasi tempore nam est enim aliquid eum dolores in vel est animi sed dicta quae sunt ut inventore qui quis minus quo maxime.', 16, 117),
(394, '3', '2021-02-05 18:06:36', 'Sed qui molestiae aliquid.Quia', 'Quibusdam cupiditate vitae voluptatem quia et rerum possimus ut inventore earum eum ex consectetur esse quaerat odio non corrupti pariatur aut totam et laborum molestiae et inventore dolore inventore unde nemo est aspernatur reprehenderit non dolorem et repellat.', 16, 134),
(395, '1', '2021-01-08 14:23:12', 'Eaque et voluptas aut suscipit', 'Atque et reprehenderit et dignissimos ut odit dolor aut sint in exercitationem quia quis non quo sit molestiae numquam voluptatem sint molestiae qui accusantium quae eos ut ullam id est excepturi est reprehenderit quas a culpa vel vero cum qui.', 16, 138),
(396, '3', '2021-01-29 05:03:24', 'Neque impedit maxime amet volu', 'Et quia beatae ut ut vero ad qui nam sequi qui aut neque amet repellendus quos sint tempore in odit eos officiis consectetur iure voluptate ad praesentium id officia et ipsa et deserunt ratione et rerum.', 16, 121),
(397, '2', '2020-08-02 02:52:44', 'Dolores eos aut cum id consequ', 'Quisquam est aut itaque enim quia quasi sit aut sunt mollitia dolor eum aliquam voluptatem quo cumque blanditiis laudantium saepe in quia dolorem enim dolorem eos repudiandae corporis ipsam ex distinctio aut numquam explicabo eum voluptatem hic.', 16, 110),
(398, '3', '2021-05-21 03:54:57', 'Libero aliquid vero magnam dol', 'Qui et maxime eos facilis officiis totam maiores sit porro esse nisi quia voluptas laudantium in aut distinctio natus nemo sapiente voluptas voluptatem nesciunt iste nobis impedit maxime consectetur velit labore voluptatem enim sed voluptatem sit autem.', 16, 124),
(399, '3', '2020-07-06 00:11:24', 'Ut eos sapiente.Harum est mole', 'Illum inventore laborum fugit cumque provident earum perferendis nihil quia vel nisi quo praesentium nihil porro quidem fugit quis quibusdam aliquid velit consequatur quam sit corrupti sit quisquam voluptate quos dolorum non et explicabo minima.', 16, 138),
(400, '2', '2020-07-15 10:59:15', 'Ut porro hic autem.Ut necessit', 'Aliquam velit quidem numquam est sapiente itaque amet molestiae facilis ullam voluptatibus ipsum consequuntur totam doloremque esse et modi id et autem velit magni sit sapiente molestias id saepe eius nulla quod id enim perspiciatis laudantium incidunt saepe.', 16, 125),
(401, '3', '2020-06-02 17:52:17', 'Voluptas unde rerum fuga paria', 'Cupiditate voluptas repudiandae ipsum officia est et autem facilis ab vitae eveniet et expedita vel et ex accusamus at voluptatum qui atque nesciunt sed facilis eum ut molestias quis eum suscipit dolore sed sapiente itaque enim eum rem.', 17, 123),
(402, '1', '2021-02-09 02:15:46', 'Sed quibusdam sunt.Unde commod', 'Totam ipsam voluptas in maiores placeat deleniti asperiores veniam nostrum tenetur beatae et similique blanditiis voluptas quis sit quod nihil cum quidem accusantium quia porro fuga corrupti dignissimos tempora nisi velit natus eos tempora omnis.', 17, 141),
(403, '1', '2021-02-04 10:01:09', 'Minima odio eos et molestias s', 'Maiores illo ipsam asperiores sit veritatis ipsum vel magnam perspiciatis autem error porro eum rerum facilis veniam ad facilis commodi nemo quo consequatur eos ut ad sit voluptates nemo autem sed dolorem doloremque nisi labore quia explicabo.', 17, 106),
(404, '1', '2020-06-07 07:11:22', 'Sit totam mollitia aperiam adi', 'Rerum blanditiis repellendus accusamus et odit ad inventore magni dolore officia rerum rerum qui magnam deserunt placeat pariatur assumenda rerum sed et aliquid eaque deleniti distinctio qui et animi sequi non quos laboriosam quam reiciendis impedit culpa placeat dolor.', 17, 118),
(405, '3', '2020-06-25 21:28:15', 'Ex esse asperiores non est.Con', 'Minima voluptate doloremque ducimus error qui veniam voluptas ab eligendi sit et ullam quasi at et blanditiis illo dicta consectetur vitae est voluptates assumenda voluptatum consequatur corporis velit ullam quia accusantium excepturi qui reprehenderit qui.', 17, 122),
(406, '1', '2020-09-27 11:15:13', 'Aliquid sit nulla voluptatem c', 'Nobis porro provident possimus illo totam aut ut quis tenetur non consequatur doloremque ea dolor eveniet aut minus est est molestiae omnis inventore voluptas eius pariatur non sed consequatur quidem aut harum dicta culpa autem qui veniam deleniti vel magni.', 17, 111),
(407, '1', '2021-04-12 12:49:33', 'Magni est dolores.Error rem di', 'Cupiditate optio enim dolores aliquid sapiente nisi porro sit ea dolorem natus reprehenderit sed nesciunt expedita debitis quia minima fugit qui at incidunt reiciendis deleniti id nulla qui est ipsum repellat aliquid perferendis perferendis voluptatum culpa ut.', 17, 129),
(408, '3', '2020-11-15 04:35:10', 'Cupiditate delectus adipisci.I', 'Consectetur officia minus quae natus eligendi qui rerum explicabo et ut deserunt aut sed ut ducimus officiis numquam itaque doloribus ratione quia dolorem nulla omnis ducimus tenetur veritatis maxime quibusdam est illo voluptas corporis maxime.', 17, 130),
(409, '2', '2021-02-23 18:55:29', 'Autem ipsam eligendi in quis q', 'Similique quis tenetur aut quisquam quae a ut doloribus aut voluptas consequatur veniam consequatur quae accusantium quisquam in ut aliquam in et sit voluptas beatae illo minima eligendi aut aut ipsum quo nulla molestiae et doloribus est magnam eaque dolorem.', 17, 117),
(410, '3', '2021-03-20 02:37:20', 'Dolorem earum consequuntur.Qui', 'Eaque ullam nobis dolores recusandae accusamus sequi cupiditate ut est iusto voluptatum quo fugiat quo nostrum sit aspernatur maiores fugit vel veniam minima sapiente consequatur laborum temporibus nam autem asperiores ullam odio illo molestiae nulla iusto et dolorem.', 17, 109),
(411, '1', '2021-05-19 11:32:43', 'Quasi rem commodi sit a repell', 'Debitis sit quis voluptatem distinctio voluptas quae natus deleniti commodi eos explicabo velit alias qui deleniti ea necessitatibus dolorem omnis magni consequatur quas id quam quidem nisi eaque ullam sit nam accusantium id sit et neque nihil voluptatem.', 17, 121),
(412, '1', '2021-05-26 00:52:59', 'Qui sed voluptatum aut dolor i', 'Praesentium nobis quo rerum nulla nobis quia nihil aut necessitatibus ipsam similique adipisci in quo eveniet architecto culpa ullam a quod et ut laudantium dolore sed fuga quos aut maxime saepe hic corrupti sit eum sunt minima voluptas eum.', 17, 106),
(413, '3', '2020-11-24 02:48:13', 'Veniam illum ipsum natus excep', 'Odit praesentium maiores non iste cupiditate eligendi culpa dolores fugiat aliquam molestias consequatur in ut suscipit voluptatem et aperiam velit possimus quam molestias voluptas quo recusandae porro reprehenderit vero ullam exercitationem ea maiores dolorum quia et dignissimos culpa.', 17, 127),
(414, '1', '2021-04-09 16:05:14', 'Reiciendis optio rem sed at et', 'Nulla omnis nam quia eum voluptas nobis minus eligendi eum blanditiis tempore nulla quo optio ex nostrum dolor vel similique sit praesentium eligendi excepturi nulla quod magni voluptates veniam aut fuga voluptatem incidunt sint qui.', 17, 133),
(415, '3', '2021-02-16 10:39:26', 'Sunt laborum reprehenderit dol', 'Autem sequi et provident et iure quod quia voluptatem et numquam optio voluptas facilis voluptates temporibus debitis ut voluptas dolor asperiores odit quam magni omnis sint omnis veritatis cum saepe quae non quia aspernatur omnis dolor repellat nostrum quasi.', 17, 136),
(416, '2', '2021-02-15 20:06:26', 'Ad atque praesentium commodi c', 'Pariatur et est vitae distinctio reprehenderit est omnis ea qui est reprehenderit alias in sit cum iste ad dolorem quod qui quis ipsum iusto nesciunt nam vero laboriosam dolore distinctio occaecati alias dolor non dicta qui.', 17, 141),
(417, '1', '2021-02-13 20:00:38', 'Eveniet quia dicta excepturi h', 'Reprehenderit praesentium quia neque nihil velit et et ea reiciendis voluptatibus ex velit necessitatibus aliquid sunt occaecati et atque deleniti iusto ipsa nisi sed impedit natus quis non nisi quasi iure est minima cum et dolorem veritatis.', 17, 144),
(418, '3', '2020-11-15 20:12:53', 'Aperiam sint esse quos maiores', 'Sint magni ut iste voluptates et qui et dolor iste rerum in qui tempore sit dolor aut nobis cumque iusto voluptas et impedit ea possimus perferendis molestiae accusantium officiis in sed tenetur sit temporibus minima labore quibusdam deleniti eos.', 17, 119),
(419, '2', '2021-05-25 06:34:30', 'Ipsum voluptate ut.Aut incidun', 'Assumenda accusamus eveniet praesentium ut corrupti sapiente facere sed distinctio sunt molestiae vero illum id ab accusantium sed consequuntur accusamus eum in nostrum quia rerum ipsam molestiae aut vel ipsum quas non qui et aperiam.', 17, 128),
(420, '1', '2020-07-27 10:37:34', 'Eos unde omnis delectus volupt', 'Libero deleniti consequatur magni ullam illum placeat blanditiis ducimus aut quia esse ipsum veritatis voluptatem voluptatem cumque qui ut suscipit necessitatibus nihil illo voluptatem iste vitae at at mollitia tenetur fuga sed saepe est repellendus aut ut quas.', 17, 111),
(421, '1', '2021-04-09 03:54:03', 'Ut eveniet provident veniam do', 'Qui earum omnis et ut nesciunt reiciendis amet et sit porro ut praesentium repudiandae aut accusamus et nulla nihil ab ut quaerat tempora harum amet quae repudiandae sint sit suscipit quibusdam ut aut id quis aliquid eos asperiores reprehenderit.', 17, 113),
(422, '3', '2020-11-28 17:42:04', 'Quasi corporis molestias fugit', 'Non vel maxime quia et corporis voluptatum modi architecto quo veritatis non provident voluptas tempora eos dolor eaque laboriosam illum qui nemo eveniet facilis aut possimus nam incidunt quas ut aspernatur eius dolor rerum dicta consectetur eveniet pariatur eos.', 17, 109),
(423, '2', '2020-10-09 11:54:59', 'Beatae dolor possimus.Beatae a', 'Voluptatibus repellendus nostrum delectus aut dolorem ut fugiat quam tempora et consequuntur voluptatem et vel reprehenderit aut est magni vitae impedit aperiam omnis fugiat mollitia quia nihil pariatur omnis distinctio eaque suscipit cupiditate similique molestias.', 17, 139),
(424, '3', '2021-04-08 13:36:02', 'Rerum est ea qui voluptatem.Su', 'Minima et aut eum omnis deserunt fugit et quo temporibus mollitia incidunt ea numquam nobis et minima voluptate rerum qui harum ducimus commodi maxime commodi beatae soluta recusandae aut laudantium fuga earum doloribus et facilis.', 17, 144),
(425, '1', '2020-10-19 08:28:16', 'Ea magnam sint non totam dolor', 'Facere exercitationem ut dolor minima mollitia exercitationem labore dolorem qui non qui et inventore fuga omnis sequi fuga maxime qui iure omnis vel reprehenderit neque asperiores dolor non qui quae harum cum corporis aperiam nobis sapiente ut neque.', 17, 135),
(426, '3', '2020-09-24 21:04:16', 'Ducimus iste ipsam voluptatem ', 'Totam quia ipsam enim voluptatum consequatur alias quam qui sed nulla unde voluptas atque non officiis magni et ex reprehenderit quisquam eos nulla magni nisi dolor repellendus saepe id explicabo exercitationem eaque dolorem et in itaque iste corrupti suscipit impedit.', 18, 105),
(427, '2', '2020-09-06 21:47:18', 'Sit eligendi accusantium volup', 'Ut ea hic occaecati est distinctio est dolore error non eius quia molestias fugiat aut inventore placeat ratione sunt neque dolor aut quo labore modi culpa ipsam repellendus quasi sint aut dolores expedita sed corporis distinctio.', 18, 132),
(428, '1', '2020-09-23 00:16:39', 'Nihil maxime excepturi.At perf', 'Eum cupiditate laboriosam sit quia ut ea perspiciatis id repellendus eligendi molestiae esse ullam aut hic at aliquid et aut similique cum hic autem vero dolorem enim laudantium ducimus quo numquam voluptas est enim et.', 18, 118),
(429, '3', '2020-12-15 23:47:55', 'Ullam vitae ipsa aut eveniet e', 'Ut veniam exercitationem qui laboriosam doloribus deserunt quia voluptas id blanditiis doloremque animi reiciendis beatae minus ut voluptas molestias voluptatum ea aut exercitationem ex error veritatis quod dolor et dignissimos distinctio non autem natus omnis odit iste.', 18, 114),
(430, '1', '2021-03-18 14:42:03', 'Dolores dolor facere fugiat er', 'Quas voluptatem ut alias eum libero et maxime nulla autem et quis amet quas molestiae sint aut nemo et explicabo autem aut velit eaque sed et quo quaerat atque quae doloribus at deleniti est minus perspiciatis sed.', 18, 147),
(431, '1', '2020-10-11 02:12:33', 'Id ipsum expedita.Quisquam tem', 'Quibusdam numquam ullam sed molestias consequuntur quasi itaque voluptas dolores ad ducimus ipsum voluptates ut voluptatum dolore vitae molestiae ex totam ut voluptatibus voluptatem quo non sed laborum aut et quis commodi placeat aperiam dolorem omnis itaque voluptas quo molestiae.', 18, 113),
(432, '1', '2021-02-04 14:11:32', 'Recusandae officia perferendis', 'Sed dolor ea ad sequi accusantium veritatis rem maiores suscipit unde consequatur quisquam voluptate ut magnam optio hic at veritatis tempora qui corrupti ut asperiores neque est omnis delectus amet et vero maiores est ipsam repudiandae maxime incidunt dolores aperiam.', 18, 148),
(433, '2', '2020-10-30 05:47:01', 'Quas aliquid ex.Magni et liber', 'Rerum voluptatem nihil ducimus voluptate itaque quod incidunt laborum error et aut occaecati ducimus eum dicta magnam velit asperiores enim vel at molestias iusto ad repellat consequatur et minima odio et recusandae in et voluptatem cum aut ut aspernatur maiores.', 18, 123),
(434, '2', '2020-05-27 22:48:47', 'Ut laboriosam eos.Dolore qui s', 'Sequi ullam temporibus quibusdam unde est optio quia nulla ipsum nihil tempora quasi odit voluptatum eius et optio porro quia iure similique iure omnis dolor quo quae facere sit temporibus nihil cumque veniam quod distinctio ab explicabo exercitationem dolorem doloremque.', 18, 129),
(435, '3', '2020-12-02 12:51:17', 'Sunt accusamus velit soluta ea', 'Vel consequuntur provident voluptas aperiam et delectus ipsum vitae aliquam impedit qui eos eum quam quam accusamus et sed rem deleniti ut aut sed nesciunt quod aut omnis accusantium labore excepturi delectus illum quia quis ut.', 18, 112),
(436, '2', '2021-05-12 03:54:13', 'Quisquam ut reiciendis non ut ', 'Quam aut unde laborum ullam qui labore inventore et suscipit minima nulla ducimus quo praesentium rerum quaerat rerum beatae aut autem facere error laborum aut maiores fugit consequatur non id non maiores voluptates fugiat molestias impedit animi dolorem ullam quo.', 18, 151),
(437, '2', '2020-12-13 11:48:57', 'Hic facere nostrum veniam est ', 'Perferendis atque dolores illo consectetur laboriosam explicabo ducimus nam labore qui recusandae nisi rerum quod temporibus tempore ipsum accusamus qui quasi mollitia earum vero dolorem qui qui reiciendis assumenda a perferendis mollitia nesciunt quia sit eveniet expedita sint.', 18, 145),
(438, '3', '2020-07-20 11:28:04', 'Molestiae quo earum temporibus', 'Quisquam assumenda voluptatem qui asperiores consequatur placeat corrupti et ut quia hic quam voluptatem voluptatibus dolore libero quo sed consequatur id provident voluptatum amet omnis dolorem ipsa ut magni magni est ipsa consequatur incidunt ab aliquam odit.', 18, 119),
(439, '2', '2020-10-14 20:19:58', 'Aut similique voluptate eos.Ei', 'Ex quos ratione esse dolores magni et vel et tempora laboriosam quia harum perspiciatis est id quo sequi dolor in unde natus sit ex eveniet id qui eos aut et alias debitis autem dolorem amet et et.', 18, 124),
(440, '3', '2021-01-31 14:32:54', 'Qui ipsa consequatur ut.Id deb', 'Aut numquam quam blanditiis qui et omnis reiciendis impedit voluptatibus odit sit dolores officia dignissimos itaque ut eos quos natus sunt atque possimus labore eveniet quaerat deserunt ut id qui nesciunt odit assumenda consequuntur quis.', 18, 131),
(441, '1', '2021-05-19 23:38:47', 'Maxime repellendus omnis tempo', 'Et voluptates magnam cumque impedit enim tempore qui et voluptas aut ut asperiores saepe placeat quis natus beatae fugiat provident consequatur dolorum doloremque ipsum ullam et ipsum suscipit ullam totam eos tempora et quibusdam qui distinctio modi.', 18, 146),
(442, '1', '2021-04-04 13:30:10', 'Occaecati ut accusantium quam ', 'Aliquam facilis enim quia nam sed illo sit quam architecto minus velit perspiciatis quasi autem pariatur sint veniam dolorum enim molestiae sunt facere facilis quis voluptatibus facere eius laudantium velit dicta enim corrupti sunt et dolorem.', 18, 144),
(443, '1', '2020-09-12 21:19:25', 'Adipisci non ut molestiae quo ', 'Modi id et nulla dicta ea autem quibusdam minus assumenda tempore ut porro corporis ut qui ad vel rerum sint ea et quasi qui distinctio odio architecto id architecto amet sint inventore ducimus sunt voluptate.', 18, 128),
(444, '2', '2020-07-17 04:31:03', 'Excepturi alias dolores dolore', 'Eligendi quas blanditiis non pariatur nesciunt occaecati quaerat qui est beatae rerum unde velit atque excepturi porro quibusdam non vel qui culpa et repellat voluptates quo est hic voluptas aliquam ut eos qui voluptatum tenetur molestias est occaecati ut asperiores.', 18, 133),
(445, '2', '2021-05-16 23:59:36', 'Exercitationem delectus distin', 'Magnam accusantium et veniam voluptatem optio dolores ad officiis dolor voluptatem voluptatem rerum dolores ipsa in et totam modi ipsa tempora beatae qui et et vel dolore et est nihil numquam rem nulla aut expedita animi necessitatibus.', 18, 107),
(446, '1', '2020-09-23 08:49:02', 'Dolores inventore praesentium.', 'Consequuntur molestiae laborum earum nobis sed dolor sit hic dolorum quam placeat amet molestiae iusto non ab fugit doloribus ut aut sequi deleniti sint ad ut sed ratione inventore voluptatem ullam rem nostrum quae tempore quidem ut.', 18, 143),
(447, '3', '2021-02-14 09:54:19', 'Quidem deserunt voluptas rerum', 'Repellat doloremque sint sint totam ea enim sunt est labore beatae est inventore dolorem mollitia quia ut est nesciunt odio consequatur ad similique nobis sed optio dolorem rerum qui delectus cupiditate similique repellendus deleniti sint quis culpa veritatis nihil reiciendis.', 18, 123),
(448, '1', '2021-01-29 05:23:23', 'Voluptate unde est.Consequuntu', 'Ducimus et ut perspiciatis tempora aut tenetur hic similique dolorem sint perspiciatis iste et asperiores et provident aut modi impedit rerum officiis eveniet modi est omnis perferendis ab dolorem autem alias facere quis quis et id.', 18, 125),
(449, '3', '2020-06-15 12:50:36', 'Tenetur laudantium nihil iure ', 'Aut voluptates beatae ab voluptates magni commodi ut impedit hic natus et velit quia suscipit molestiae ab sit iusto ut dolor quasi maiores voluptates autem esse quod accusantium sit eum rerum ipsum iusto quia eos cumque optio libero aspernatur.', 18, 113),
(450, '2', '2020-08-09 12:05:27', 'Quia dolorem a rerum.Modi quos', 'Cupiditate enim aut ad ratione suscipit id vel cum aut asperiores itaque iusto iusto omnis vero inventore velit corporis ullam commodi repellat temporibus et ipsam est itaque temporibus minus consequatur aut et iure aut totam ea et.', 18, 109);
INSERT INTO `evenement` (`idEvenement`, `graviteEvent`, `dateEmission`, `titreEvent`, `descriptionEvent`, `idRegistre`, `idPersonnel`) VALUES
(451, '3', '2020-08-23 16:07:15', 'Architecto rerum qui quos et.D', 'Necessitatibus et esse rerum unde harum amet perferendis accusantium velit aut aliquid itaque repellendus reiciendis ut aliquid et suscipit ex laboriosam alias animi quia quasi architecto est occaecati labore quis porro error sunt quam soluta incidunt debitis consequatur ducimus.', 19, 138),
(452, '2', '2020-09-11 23:28:20', 'Et animi rem et est ex eaque d', 'Dolor quo harum earum sit sequi assumenda et est enim sed occaecati ad voluptatum alias animi rerum sed impedit molestiae aut at excepturi nulla aperiam est et sint amet sint ut quo cupiditate vel fugiat.', 19, 117),
(453, '1', '2021-02-10 23:32:08', 'Veniam sunt quaerat culpa illu', 'Consequatur accusamus consequatur aut velit nihil eius autem qui quo incidunt ut velit ea perferendis odio pariatur dignissimos a distinctio alias ipsum omnis error aliquid non perspiciatis consectetur id voluptatem voluptas sequi eum et non voluptatum aperiam enim.', 19, 141),
(454, '3', '2020-08-31 22:13:24', 'Consequatur dolor magnam aut.I', 'Nihil quia consequatur ea quam natus dignissimos sed rem vel itaque molestias soluta amet minima ab omnis dolorem aut atque est autem sit sit doloremque ab ut autem omnis cum quibusdam possimus a ut voluptatem.', 19, 147),
(455, '2', '2021-03-05 10:27:37', 'Voluptatem maiores id cumque s', 'Numquam qui veniam et quia ducimus et totam libero est quae et aperiam dignissimos numquam qui dolore nisi non enim quia dolorem minima non temporibus velit facilis accusantium fuga harum dignissimos sequi eum dolore numquam fugit dolores veritatis fugit.', 19, 121),
(456, '2', '2020-10-24 06:25:55', 'Aut deserunt beatae ipsa sapie', 'Eligendi facere repudiandae voluptatem ad aliquid quia quae est repellendus tempore rerum ad reprehenderit ut eius quis quibusdam ut laudantium facilis vitae enim ad voluptas nemo maxime modi explicabo est est voluptatem consequatur in consequuntur.', 19, 123),
(457, '3', '2020-12-24 18:19:58', 'Enim aliquam harum culpa aut.A', 'Provident est velit voluptatem vel sit est unde ducimus alias et incidunt minus ratione vitae et voluptatum aut non officia accusantium fugit quae sint necessitatibus consequatur doloremque porro quia dolorum nostrum earum quidem nihil perspiciatis harum.', 19, 109),
(458, '2', '2020-12-08 03:01:46', 'Voluptatem consequuntur doloru', 'Quia id non corrupti sed delectus autem necessitatibus sit tempora impedit deserunt maiores corrupti qui et dicta dolor accusamus consequatur quisquam sunt et voluptatem fuga repellendus est qui ab tempora praesentium id tenetur dignissimos facilis qui.', 19, 117),
(459, '3', '2020-09-27 20:55:43', 'Sapiente eveniet est vero.Debi', 'Nihil magni facere doloribus cupiditate omnis minima illo impedit distinctio non esse placeat possimus doloremque deleniti consequatur consectetur et distinctio in et dicta incidunt possimus a est id occaecati molestiae dicta qui pariatur nisi soluta autem quia.', 19, 121),
(460, '2', '2021-03-04 13:30:14', 'Cumque ipsum sed quo adipisci ', 'Vel totam sapiente ut qui quia est dolore est id rerum est omnis corporis quibusdam qui perspiciatis esse voluptatem sunt nesciunt ab quidem qui id perferendis ipsam ut laboriosam quasi aut quia id voluptatum quisquam qui.', 19, 117),
(461, '1', '2021-01-11 21:51:42', 'Ipsam qui soluta esse.Iure par', 'Soluta et eligendi est libero ea et est consequatur quas perferendis recusandae recusandae eaque aliquid aut odio aut aut quia iste voluptatem rerum sit totam ipsa sit commodi impedit magnam in et ex debitis assumenda.', 19, 139),
(462, '2', '2020-09-15 12:25:40', 'Eum saepe ut accusantium.Cumqu', 'Ratione placeat cum voluptatem vel suscipit culpa unde aut dolor et minus ullam amet hic natus eveniet sapiente ratione et deserunt cum et beatae laborum fuga facilis sit at molestiae debitis mollitia magnam minus doloremque.', 19, 107),
(463, '2', '2020-08-31 11:54:40', 'Sapiente a suscipit molestiae ', 'Quam possimus amet quo illum eum voluptas itaque dignissimos voluptatem ut rerum exercitationem numquam rem cumque dolorem harum laboriosam est consequatur harum qui id molestias iste eos et iusto totam deserunt mollitia aut quod voluptatem a accusamus maiores nulla ut.', 19, 105),
(464, '1', '2021-05-02 22:12:53', 'Nulla earum corporis sint.Quae', 'Ut sunt iste reprehenderit illum dolorem qui ut molestiae voluptatem omnis odit quia magnam ad et placeat ad mollitia voluptatem a neque id aut debitis nihil voluptas eum ex voluptatem dolores aut ipsa cumque et veritatis eius eligendi esse.', 19, 129),
(465, '1', '2021-02-06 15:35:33', 'Laborum voluptatem qui quidem ', 'Aut exercitationem nobis eos quo asperiores nihil provident et voluptatum recusandae quaerat aspernatur iure est rerum quod deleniti molestiae totam laboriosam similique harum enim accusantium similique laudantium pariatur dolor expedita deserunt consequatur vitae iste rem quasi quidem veritatis.', 19, 137),
(466, '2', '2020-07-02 03:50:25', 'Eaque amet est voluptas labori', 'Et culpa aliquid voluptatem provident molestias tempore esse eos illo ut aspernatur animi praesentium enim voluptatem eaque quo earum dolorem et officia at deleniti molestiae facere laboriosam quis cupiditate temporibus illo dolore aut aut enim ut reiciendis quam.', 19, 151),
(467, '2', '2021-01-09 06:09:39', 'Magnam iure illum assumenda mo', 'Suscipit fugit nam aliquid facere et voluptas doloribus placeat dignissimos ipsa eveniet et vero quidem velit quos voluptates voluptates consequuntur sed exercitationem eius officiis saepe aut iure eum eveniet omnis iure et quae magni totam.', 19, 127),
(468, '3', '2020-08-15 10:32:17', 'Eius laboriosam molestiae repu', 'Labore quidem natus et velit quam et nesciunt cumque doloremque officiis accusamus nesciunt qui eaque minima et alias rerum ex eum est magni consequuntur minima aut nostrum aliquid vel est quos vero qui beatae cupiditate.', 19, 147),
(469, '1', '2020-07-26 02:09:41', 'Qui animi placeat nesciunt ani', 'Illo est eligendi sint est illum adipisci maxime totam beatae et earum necessitatibus eveniet asperiores deserunt perferendis est quia exercitationem quia adipisci quaerat aliquam ea aperiam blanditiis quidem itaque saepe velit eos architecto voluptate adipisci.', 19, 127),
(470, '2', '2020-07-26 14:27:49', 'Magni aut expedita minus sed a', 'Molestiae aut neque rerum corrupti recusandae eum harum et et eum autem maxime maiores laboriosam fugiat doloribus eum quidem ullam sunt aut ex mollitia voluptas eveniet sequi minus et est rerum animi consectetur ut ea quis alias corporis.', 19, 146),
(471, '3', '2020-12-28 22:07:26', 'Rerum totam aut.Et non numquam', 'Et accusamus reprehenderit placeat quo error ullam ipsam incidunt aliquam earum vel molestiae ex illum veritatis aut aut explicabo dicta nisi totam consequuntur eum cumque itaque aperiam enim voluptate est aut accusantium fugit provident sit id.', 19, 109),
(472, '3', '2020-07-06 02:39:16', 'Voluptatem tempora beatae quia', 'Quisquam placeat at qui voluptatibus eos autem unde veritatis architecto doloremque doloremque est rem velit iste est quo ea optio unde omnis dolorum delectus ut vel provident voluptates explicabo voluptatem omnis ducimus pariatur molestias occaecati ipsam dolorum.', 19, 153),
(473, '1', '2020-12-29 01:26:57', 'Iure quos cum quasi eaque maxi', 'Non veniam necessitatibus architecto sed et voluptas dolorem temporibus tenetur atque nam ut sequi rem asperiores dolor reiciendis sed atque error autem et corporis occaecati mollitia quod a ratione similique rem voluptates aut voluptas aut velit optio quis.', 19, 128),
(474, '3', '2021-03-01 17:08:16', 'Nulla eum et.Dolor quasi sint.', 'Qui dolorem enim facilis similique nisi quia molestias minus id repellendus reiciendis tenetur et libero et porro cum ea at ut cumque ea est non eos quis voluptatibus dicta reiciendis quidem accusantium ducimus repudiandae consequatur.', 19, 132),
(475, '2', '2020-10-16 05:35:13', 'Quo voluptatibus tenetur ut as', 'Voluptatem necessitatibus maxime qui officia adipisci minus id voluptatem eius sit dolor unde nam ab quisquam voluptatibus est harum ea sequi perferendis laboriosam delectus error nesciunt totam vel eius deserunt reprehenderit incidunt voluptatem similique rerum sint consectetur numquam numquam voluptas.', 19, 105),
(476, '2', '2021-02-27 05:13:48', 'Nisi dolores quia quia eius mo', 'Consequatur modi dolores molestiae delectus ab et rem sunt ut dolor repellat quisquam nisi distinctio vel aliquam et sed omnis inventore doloremque deleniti ratione impedit quo aperiam iusto est et quisquam maxime dolor quis quae corrupti explicabo minima quibusdam.', 20, 152),
(477, '1', '2020-07-15 01:35:45', 'Ex consequuntur consequuntur q', 'Incidunt ab et qui quasi nobis aspernatur ea quae placeat eum soluta soluta nihil quia eligendi sunt non repellat repellat aut omnis aut non id ut debitis amet nisi eius labore iure esse consequuntur minima similique et provident.', 20, 145),
(478, '1', '2020-11-08 03:54:40', 'Doloremque illum doloremque qu', 'Soluta doloremque inventore porro quo illo et qui incidunt temporibus rerum fugiat quas dolorem vero reiciendis vel ducimus consequuntur deserunt dignissimos quae architecto ut dolorem hic et commodi culpa eos amet quibusdam qui vero quia ut ab amet.', 20, 144),
(479, '1', '2020-10-31 06:47:53', 'Est dignissimos temporibus vol', 'Amet natus magnam iure minus aspernatur aliquam iusto nihil vel illum blanditiis veritatis in consequatur quasi velit odio ipsa et fuga rerum cum officia doloribus aperiam vel consequatur repellat perferendis saepe saepe modi quia distinctio magnam eius alias exercitationem.', 20, 149),
(480, '2', '2021-03-09 03:36:32', 'Aut animi recusandae doloribus', 'Id eligendi reiciendis ipsam quibusdam eveniet facere atque cupiditate praesentium voluptatem voluptatem dolorem voluptas et molestias eius unde repellendus sed et numquam molestias aut incidunt nulla itaque enim ipsum rerum iusto sed sint vitae consectetur vel dicta qui.', 20, 155),
(481, '2', '2021-01-29 16:35:27', 'Odio eos reprehenderit ad dolo', 'Nobis voluptas magni non repudiandae cumque natus non dolorem et deleniti vitae consequatur vel vitae eius maxime quia rerum aspernatur tempore sequi harum nostrum officiis labore iste quo rerum voluptates quod officiis placeat et nisi nulla fugit non.', 20, 106),
(482, '1', '2020-09-25 23:15:34', 'Expedita qui provident veniam ', 'Et repudiandae consequatur ut totam maxime eaque optio commodi vel vel mollitia et eveniet culpa in quia id sequi nulla aut atque amet placeat error nobis commodi qui et quia pariatur laborum nam ea veniam nihil harum.', 20, 113),
(483, '1', '2021-04-22 19:48:51', 'Est eaque est aperiam.At conse', 'Possimus ut saepe omnis incidunt nisi odit laborum minima dolores non voluptates eum natus sapiente quos repellendus quasi eum voluptatem possimus repellendus minus labore molestiae aliquam itaque maxime qui ex neque in pariatur dolor non ut est voluptate a.', 20, 151),
(484, '1', '2020-07-24 13:18:00', 'Doloribus eos rerum dolorum ex', 'Labore inventore omnis eligendi dignissimos iure dolor et enim id quas sunt dolore dicta quis labore aut nobis sint consequatur facilis dicta laudantium suscipit iste a quod accusantium cumque sit distinctio repellendus iure maiores porro architecto quod neque corrupti magni.', 20, 143),
(485, '2', '2020-11-27 20:25:52', 'Est neque consequatur occaecat', 'Fuga ut earum eius ut laudantium corporis quidem culpa autem similique voluptas occaecati optio et asperiores laudantium voluptates consequatur voluptatibus ut veritatis voluptas in qui cumque et sequi eos illo in voluptates omnis vero quos consequatur.', 20, 146),
(486, '2', '2020-12-06 20:14:39', 'Ullam dolore eum enim est reic', 'Voluptas voluptas unde quaerat omnis ea totam ut dolor vel ut eaque ea dolores et sunt facere et aspernatur et a eum et ut dicta sint nulla saepe reprehenderit suscipit accusantium laboriosam dignissimos voluptatum autem ut optio cum.', 20, 149),
(487, '3', '2021-03-07 15:12:54', 'Ducimus in consequuntur conseq', 'Dolores maxime et aut voluptatem at est nostrum explicabo pariatur quibusdam tempore voluptatum qui veniam iure dolorum dolor maiores laudantium quasi voluptatibus ut quo sed repudiandae eum recusandae aut velit earum nemo non quisquam harum omnis.', 20, 109),
(488, '1', '2021-04-19 09:47:52', 'Labore et delectus amet sint.A', 'Suscipit et quaerat ipsum eum et totam voluptas dolorem consectetur aut voluptate omnis commodi ullam sapiente doloremque iusto vero cum atque eveniet qui et qui aut autem saepe molestiae omnis consequatur velit porro accusamus delectus iusto asperiores necessitatibus commodi.', 20, 127),
(489, '3', '2021-03-08 06:50:17', 'Eveniet vero quia fugiat volup', 'Dignissimos eos praesentium ipsa dolor ut non similique sint veritatis aut quia debitis quaerat accusantium quae doloribus quam pariatur inventore id vel aut deleniti molestiae magni ut temporibus iusto officiis inventore sit consequatur id dolorum suscipit non deleniti sunt.', 20, 154),
(490, '1', '2020-09-27 08:26:03', 'Ratione eos consequatur eum es', 'Odio quia deleniti voluptatem et in saepe est voluptatem consequatur minus dolores doloremque est id et eius qui modi ut at qui rerum dolorem id consequuntur alias aut velit non laudantium ducimus veritatis inventore laboriosam molestias architecto.', 20, 124),
(491, '1', '2021-04-30 16:50:58', 'Ea voluptas in sit aut tempora', 'Quisquam blanditiis magnam non ut voluptatum aperiam eaque sed possimus quia ut aut et odio ex impedit et labore amet a corrupti rerum et eos inventore illum nobis ea aspernatur perspiciatis placeat dignissimos quidem eos ipsam aut eos nihil vel.', 20, 156),
(492, '3', '2020-10-09 05:57:07', 'Quia similique repellat repudi', 'Exercitationem consequatur aperiam voluptatem quo sunt voluptatem consequuntur deserunt optio aspernatur neque dicta accusantium ut omnis voluptatem vel sit hic eius nostrum hic voluptatibus fugiat quasi quod laudantium aut id odit quasi minus expedita et dolor est velit quisquam commodi.', 20, 110),
(493, '3', '2020-09-26 09:32:50', 'Aliquid eum officiis omnis bea', 'Voluptas ab reprehenderit laborum explicabo minima occaecati voluptatem velit quia numquam non porro facere iusto excepturi doloremque esse at nisi illum eum nemo sequi sequi quasi repudiandae aut et quasi a nisi ad eum soluta voluptates et maiores.', 20, 121),
(494, '2', '2020-10-11 14:26:12', 'Sunt neque occaecati doloremqu', 'Qui consequatur unde doloremque rerum possimus illo corrupti saepe modi mollitia illum aut laborum ab maxime aut dicta facere animi sequi aliquid sed aliquam et tempora sed deleniti voluptas dolor atque natus totam asperiores qui omnis consequatur cumque.', 20, 139),
(495, '2', '2020-06-21 00:13:27', 'Ipsa neque hic repellat non si', 'Sequi voluptatem consequatur itaque omnis harum beatae quo quia excepturi repudiandae minima sit nobis quis dolorem sit assumenda repellendus facilis ex et placeat optio aut laborum quos incidunt explicabo nemo impedit accusamus in nihil alias velit hic.', 20, 154),
(496, '3', '2021-02-11 15:51:11', 'Eligendi officia unde.Reprehen', 'Est reiciendis cum voluptas voluptas molestias tempora ut eum ea natus quasi laudantium et qui est rem aut ut ratione sed optio quam odit magni accusamus qui sed vitae dolorem eligendi illum nihil et commodi ea maxime id.', 20, 128),
(497, '2', '2020-07-21 20:54:48', 'Natus eos aut.Explicabo in rer', 'Eligendi deserunt nemo fugiat vero accusamus dolorem repellendus voluptatem aut ad non reprehenderit quo modi qui sed nesciunt aperiam impedit neque expedita atque fuga beatae officiis in minus excepturi explicabo est impedit ipsa quia ut dolorem qui qui vero.', 20, 119),
(498, '2', '2021-04-19 18:24:45', 'Illo dolorum blanditiis est te', 'Totam quia rerum nihil sunt dicta ut aut et repudiandae fugiat ipsam at voluptatum nulla atque non deleniti tempora laborum non et veritatis dolore nesciunt voluptatum optio deleniti debitis rem reprehenderit consectetur iure sequi amet quidem.', 20, 131),
(499, '2', '2021-05-09 09:33:05', 'Itaque quos ut consequatur eos', 'Labore veritatis fuga in molestiae quibusdam rerum eos et est repudiandae nostrum vero qui ullam quae itaque voluptatem dicta dolores quia odio error modi fuga est aperiam sunt repellendus cupiditate in quis magnam consequatur in et et accusantium sunt.', 20, 134),
(500, '3', '2020-08-18 21:07:29', 'Nemo non repudiandae fugiat do', 'Cumque ipsam voluptas blanditiis soluta neque laboriosam omnis dolores nesciunt est iure qui non et est porro et laboriosam eligendi quidem nobis est reiciendis laudantium fuga recusandae eos et et rerum quidem magnam voluptate vel non fugiat dolor.', 20, 128),
(501, '1', '2021-02-13 10:23:06', 'Itaque quia ipsam.Repellat cum', 'Iure amet natus et quidem vitae nobis nihil amet beatae voluptatem quam ullam omnis distinctio temporibus sit sunt occaecati unde ipsum itaque esse minus molestiae inventore laudantium nulla odio in autem excepturi reiciendis est qui exercitationem pariatur.', 21, 147),
(502, '1', '2020-09-16 21:07:33', 'Quis aut architecto.Perferendi', 'Sint voluptatem facilis quia consequuntur est repellat distinctio praesentium quis voluptatem in odit est iste qui aut et id qui et temporibus et nihil sit rerum qui blanditiis ut sed maiores eum reprehenderit nulla molestiae sed possimus possimus.', 21, 111),
(503, '1', '2020-12-16 01:20:26', 'Neque dicta provident.Quo enim', 'Beatae eum ratione eos velit deserunt libero atque perferendis ducimus optio consequatur ut consequatur odit sint nihil sed voluptatem rerum aut sit iusto esse ut amet ea et autem ratione non optio eligendi veniam sunt sunt vero et.', 21, 111),
(504, '2', '2020-12-23 22:24:26', 'Sint voluptas nihil voluptas q', 'Dignissimos soluta ut illum necessitatibus deleniti porro qui reiciendis rerum molestiae inventore nisi impedit praesentium qui nulla omnis asperiores libero velit porro corrupti in labore reprehenderit est tenetur expedita ex non quis et minima assumenda tempora esse.', 21, 120),
(505, '2', '2020-06-16 06:03:23', 'Sint alias repellendus at aut.', 'Autem ea occaecati accusantium quia aut unde soluta architecto nobis iure nihil aut itaque et aut eum asperiores aut incidunt eum aut nostrum provident et quos deleniti quisquam et laborum nesciunt ea fugit dolore occaecati.', 21, 108),
(506, '3', '2021-03-14 10:06:02', 'Nostrum sed corrupti saepe ani', 'Omnis ipsum minima incidunt minima ea hic quibusdam impedit voluptatum itaque qui dicta numquam vel voluptate hic reprehenderit repellat reprehenderit adipisci minus deleniti nam repudiandae vel eaque ducimus aut numquam neque commodi ut suscipit error et autem quod.', 21, 141),
(507, '1', '2020-12-24 08:04:48', 'Est et et ipsam dicta veritati', 'Quae soluta animi vel veritatis dolores et est et distinctio at voluptatem occaecati est ut sequi odit autem et dolores laborum velit eos debitis vel quod deserunt quae est vero doloribus aut ea rerum culpa quasi.', 21, 127),
(508, '2', '2020-06-19 06:21:56', 'Quis et alias.Eum suscipit exc', 'Reprehenderit nemo quia sunt rem beatae reiciendis reprehenderit accusantium facere laboriosam ut aut rerum natus placeat enim ut quia alias laborum at quod occaecati mollitia numquam consequatur illo distinctio laboriosam ut laboriosam sunt modi exercitationem laboriosam in.', 21, 133),
(509, '2', '2021-02-14 15:42:50', 'Deleniti ducimus nobis praesen', 'Omnis ut dicta fugiat tempore dicta sapiente praesentium eum voluptate ut quisquam fugiat voluptatem eaque voluptas non ea asperiores id consequatur vel non voluptatem labore ut minima laudantium et quis facilis occaecati id ipsam voluptas ut.', 21, 125),
(510, '3', '2020-08-01 01:59:07', 'Quas placeat cum dolor quis.Ut', 'Atque fuga neque non iste soluta voluptatem rem ducimus asperiores quam velit tempore impedit at omnis beatae nobis nisi reiciendis delectus accusamus perferendis aut alias et ducimus ut corporis a quis qui amet blanditiis nam qui doloremque eos odit.', 21, 129),
(511, '2', '2020-06-27 18:28:11', 'Culpa tempora sit harum nostru', 'Deleniti dolorem et ad nobis id culpa consequatur consequatur expedita accusantium perspiciatis maiores est aliquam aut commodi ea vero adipisci repellat est iste autem iste placeat quia et ea fugiat quis sunt ut at magnam amet repudiandae dolor aut.', 21, 132),
(512, '3', '2021-02-10 02:07:45', 'Laboriosam soluta quia tempore', 'Est quis rerum placeat dignissimos aliquam ut accusamus accusamus ea aut reprehenderit amet eligendi suscipit illum in laboriosam asperiores animi et aliquam est incidunt incidunt vitae molestias exercitationem id error aut voluptates hic sed voluptatum voluptas voluptatem veritatis deserunt.', 21, 137),
(513, '3', '2021-02-10 08:59:01', 'Repellat unde id sequi.Quis ad', 'Ut molestiae totam tempora voluptas vitae voluptatem atque mollitia ut neque magni ab rerum dolor accusamus porro sed et accusamus adipisci enim quam deserunt sunt in pariatur et velit adipisci aut praesentium est et aut quo hic dolore.', 21, 113),
(514, '1', '2020-08-19 14:57:29', 'Ut et libero.Dolor hic illo co', 'Quo est impedit corrupti porro et consectetur et fugiat aut ut deleniti quia qui praesentium laudantium iste hic et voluptatem earum vero tempora mollitia ut eos sint amet aliquid veritatis qui corrupti ex consectetur iure neque praesentium inventore.', 21, 119),
(515, '3', '2020-10-23 14:52:00', 'Et a perspiciatis ratione quos', 'Consequuntur ratione quae quos fugiat consequatur iure libero ullam sit voluptas voluptatem ut nihil ut rem dolor et sed ut et exercitationem atque quas voluptates voluptatum odit perferendis dignissimos ut necessitatibus voluptate impedit voluptas voluptas consequuntur eum.', 21, 122),
(516, '2', '2020-08-05 22:35:37', 'Doloribus quia praesentium.Rei', 'Possimus sunt minus autem quas aut facilis molestias mollitia numquam fugit architecto nihil a et commodi repudiandae non aut voluptatum nostrum et et quia beatae molestiae eligendi aliquid dolor ipsum ut iusto magnam nihil dolores.', 21, 121),
(517, '1', '2020-10-04 10:42:08', 'Eum necessitatibus in itaque s', 'Eum fuga iusto nostrum excepturi error exercitationem tempore incidunt quia aliquam et commodi assumenda ipsam dolores ut ducimus possimus cupiditate aliquid et adipisci quia voluptatibus necessitatibus ipsa laboriosam quam labore dolorem sit laborum officiis eum voluptas.', 21, 130),
(518, '2', '2021-03-20 03:05:05', 'Veniam aperiam optio consequat', 'Temporibus aspernatur reiciendis cupiditate ut excepturi tenetur aliquid vitae magni cum optio vel aut necessitatibus et et qui voluptatibus dicta modi est voluptate maxime ut reiciendis molestiae dolor rerum et et dolore omnis fugit nisi est.', 21, 143),
(519, '1', '2020-10-29 13:59:30', 'Cum libero repellat in aut aut', 'Fugit cupiditate sit est vero autem aperiam est blanditiis sed rerum et quae beatae et quisquam dolores sint hic beatae et ea rerum ratione aut perferendis ullam eius voluptatem et quas facere molestias veritatis magni aut ut eum.', 21, 138),
(520, '2', '2021-01-10 05:28:19', 'Fugit iusto et debitis et non ', 'Eos beatae rem quae perferendis tempora et odio reiciendis qui sed veniam consectetur vel sit reprehenderit adipisci quisquam qui fugit ut vel est quia omnis asperiores qui nesciunt voluptates omnis eum id minus quidem id rem ut sint.', 21, 114),
(521, '1', '2020-12-17 19:20:00', 'Doloribus iste qui et.Odio iur', 'Qui dolor et autem beatae sed quis laboriosam sapiente et similique et architecto velit eos quis repellat dolores excepturi est commodi dolorem cumque vitae sit soluta odit nulla aliquid nostrum et repellat quas eius beatae.', 21, 142),
(522, '1', '2020-09-10 05:05:27', 'Quae voluptas rem quasi magnam', 'Ab voluptatibus cum repellendus dolores laudantium quia modi maxime facilis voluptatem doloremque laudantium cumque aperiam cupiditate quam sapiente quo distinctio sed ab libero ea et ipsum ad nulla nobis quis et voluptatem rem ad iste.', 21, 121),
(523, '1', '2021-03-19 04:51:09', 'Quo officia quia facere ea imp', 'Quia rem et tenetur nemo exercitationem omnis cum nulla illo tenetur quasi eos officia quibusdam aut laboriosam amet ipsum repellendus temporibus tempora et ut totam rem non ut cupiditate excepturi iste accusantium ad vel veniam.', 21, 116),
(524, '3', '2020-09-17 19:56:15', 'Dignissimos quia corrupti.Et a', 'Ratione quia voluptas odio voluptas nobis veniam aperiam fugiat fugiat occaecati consequatur quod illum aspernatur dignissimos provident quidem ut qui consequuntur est molestias excepturi voluptatem quasi sed et natus commodi est nulla laborum assumenda ut eos voluptas.', 21, 127),
(525, '2', '2020-10-30 23:56:11', 'Veritatis minus dicta ducimus ', 'Autem dignissimos quis velit saepe vero inventore consequatur adipisci maiores fugiat nam est et qui sed voluptatem itaque asperiores veritatis qui et fugiat voluptas nemo quia distinctio quia esse natus rerum eveniet beatae culpa neque molestiae nisi saepe voluptatem.', 21, 144);

-- --------------------------------------------------------

--
-- Structure de la table `listeallergie`
--

DROP TABLE IF EXISTS `listeallergie`;
CREATE TABLE `listeallergie` (
  `idDossierMedical` int(10) UNSIGNED NOT NULL,
  `idAllergie` int(10) UNSIGNED NOT NULL
) ENGINE=InnoDB DEFAULT CHARSET=utf8;

--
-- Déchargement des données de la table `listeallergie`
--

INSERT INTO `listeallergie` (`idDossierMedical`, `idAllergie`) VALUES
(2, 1),
(2, 2),
(3, 12),
(3, 13),
(3, 14),
(4, 1),
(4, 14),
(4, 15),
(5, 6),
(5, 7),
(5, 8),
(6, 11),
(6, 12),
(6, 13),
(7, 3),
(8, 10),
(10, 8),
(10, 9),
(11, 3),
(12, 14),
(12, 15),
(13, 10),
(13, 11),
(14, 1),
(15, 3),
(15, 4),
(15, 5),
(17, 14),
(17, 15),
(19, 3),
(20, 1),
(20, 14),
(20, 15),
(21, 14),
(21, 15),
(22, 7),
(22, 8),
(22, 9),
(23, 3),
(23, 4),
(23, 5),
(25, 2),
(25, 3),
(25, 4),
(27, 5),
(27, 6),
(27, 7),
(28, 4),
(28, 5),
(29, 1),
(29, 2),
(29, 3),
(30, 3),
(30, 4),
(30, 5),
(31, 12),
(32, 2),
(34, 1),
(36, 15),
(37, 14),
(38, 7),
(38, 8),
(38, 9),
(39, 11),
(39, 12),
(41, 5),
(41, 6),
(42, 13),
(43, 7),
(44, 14),
(45, 1),
(45, 2),
(48, 1),
(48, 2),
(48, 15),
(49, 4),
(49, 5),
(50, 7),
(50, 8),
(51, 10),
(52, 1),
(52, 2),
(53, 1),
(53, 15),
(54, 7),
(54, 8),
(55, 9),
(56, 3),
(57, 13),
(59, 12),
(59, 13),
(59, 14),
(61, 6),
(61, 7),
(62, 8),
(62, 9),
(63, 9),
(63, 10),
(63, 11),
(64, 11),
(64, 12),
(65, 1),
(66, 6),
(66, 7),
(67, 2),
(67, 3),
(68, 5),
(69, 3),
(70, 1),
(70, 2),
(70, 15),
(71, 5),
(71, 6),
(73, 6),
(73, 7),
(73, 8),
(74, 3),
(74, 4),
(75, 11),
(75, 12),
(75, 13),
(77, 1),
(78, 10),
(78, 11),
(79, 3),
(80, 2),
(80, 3),
(81, 1),
(82, 14),
(82, 15),
(83, 1),
(83, 2),
(83, 3),
(84, 1),
(84, 2),
(85, 7),
(85, 8),
(87, 13),
(88, 3),
(89, 7),
(89, 8),
(90, 12),
(92, 4),
(92, 5),
(92, 6),
(94, 8),
(94, 9),
(94, 10),
(95, 13),
(95, 14),
(96, 1),
(96, 2),
(97, 4),
(98, 7),
(98, 8),
(99, 10),
(99, 11),
(101, 2),
(102, 5),
(102, 6),
(103, 4),
(103, 5),
(103, 6),
(105, 3),
(105, 4),
(105, 5),
(107, 7),
(108, 8),
(108, 9),
(110, 4),
(112, 2),
(112, 3),
(112, 4),
(113, 9),
(113, 10),
(114, 1),
(114, 2),
(116, 1),
(116, 2),
(117, 14),
(117, 15),
(118, 1),
(118, 2),
(119, 8),
(119, 9),
(119, 10),
(120, 6),
(120, 7),
(120, 8),
(121, 8),
(121, 9),
(121, 10),
(122, 1),
(122, 2),
(122, 3),
(124, 12),
(124, 13),
(125, 5),
(125, 6),
(132, 10),
(132, 11),
(134, 8),
(134, 9),
(134, 10),
(135, 1),
(135, 2),
(135, 3),
(137, 10),
(137, 11),
(138, 11),
(138, 12),
(138, 13),
(139, 7),
(139, 8),
(139, 9),
(140, 11),
(140, 12),
(141, 1),
(141, 2),
(141, 15),
(142, 1),
(142, 2),
(142, 3),
(145, 1),
(145, 2),
(145, 15),
(146, 2),
(146, 3),
(146, 4),
(148, 5),
(149, 1),
(150, 3),
(150, 4),
(150, 5),
(151, 10),
(151, 11),
(151, 12),
(152, 11),
(153, 2),
(154, 9),
(154, 10),
(155, 14),
(155, 15),
(156, 4),
(156, 5),
(156, 6),
(157, 6),
(157, 7),
(158, 14),
(159, 4),
(159, 5),
(160, 5),
(160, 6),
(161, 3),
(161, 4),
(161, 5),
(162, 9),
(163, 12),
(163, 13),
(163, 14),
(164, 10),
(166, 5),
(166, 6),
(167, 9),
(167, 10),
(167, 11),
(169, 9),
(169, 10),
(169, 11),
(170, 3),
(170, 4),
(171, 6),
(173, 6),
(174, 7),
(174, 8),
(174, 9),
(176, 9),
(176, 10),
(176, 11),
(178, 8),
(178, 9),
(179, 14),
(179, 15),
(180, 11),
(180, 12),
(180, 13),
(181, 5),
(183, 12),
(183, 13),
(185, 1),
(185, 14),
(185, 15),
(186, 11),
(186, 12),
(189, 11),
(190, 7),
(190, 8),
(192, 2),
(192, 3),
(192, 4),
(193, 8),
(194, 1),
(197, 2),
(198, 3),
(198, 4),
(199, 8),
(202, 5),
(203, 1),
(204, 8),
(204, 9),
(204, 10),
(206, 10),
(206, 11),
(207, 3),
(207, 4),
(207, 5),
(209, 2),
(210, 8),
(210, 9),
(212, 8),
(216, 13),
(216, 14),
(217, 9),
(218, 9),
(218, 10),
(220, 3),
(220, 4),
(220, 5),
(221, 14),
(221, 15),
(223, 12),
(224, 11),
(224, 12),
(224, 13),
(225, 11),
(226, 11),
(227, 12),
(227, 13),
(227, 14),
(228, 11),
(228, 12),
(228, 13),
(229, 4),
(230, 13),
(230, 14),
(231, 10),
(232, 11),
(232, 12),
(232, 13),
(235, 10),
(235, 11),
(236, 1),
(236, 15),
(237, 15),
(238, 9),
(238, 10),
(238, 11),
(240, 2),
(240, 3),
(240, 4),
(241, 11),
(241, 12),
(242, 9),
(242, 10),
(242, 11),
(243, 9),
(243, 10),
(243, 11),
(244, 11),
(245, 1),
(245, 14),
(245, 15),
(246, 3),
(246, 4),
(247, 1),
(247, 2),
(247, 15),
(248, 5),
(248, 6),
(248, 7),
(249, 13),
(250, 4),
(252, 14),
(252, 15),
(253, 7),
(253, 8),
(254, 12),
(256, 13),
(256, 14),
(256, 15),
(257, 11),
(257, 12),
(258, 1),
(258, 2),
(258, 3),
(259, 9),
(259, 10),
(259, 11),
(262, 6),
(262, 7),
(262, 8),
(263, 1),
(263, 2),
(263, 15),
(265, 6),
(266, 5),
(266, 6),
(267, 10),
(267, 11),
(267, 12),
(268, 1),
(268, 2),
(268, 15),
(269, 14),
(270, 9),
(271, 5),
(271, 6),
(273, 1),
(273, 2),
(273, 3),
(275, 14),
(275, 15),
(276, 14),
(277, 15),
(278, 15),
(280, 10),
(280, 11),
(280, 12),
(281, 1),
(281, 2),
(281, 3),
(282, 8),
(282, 9),
(283, 9),
(283, 10),
(284, 9),
(284, 10),
(286, 11),
(286, 12),
(286, 13),
(287, 6),
(287, 7),
(287, 8),
(289, 6),
(289, 7),
(289, 8),
(290, 6),
(290, 7),
(291, 3),
(292, 1),
(292, 2),
(292, 15),
(293, 10),
(295, 12),
(295, 13),
(296, 7),
(298, 10),
(298, 11),
(298, 12),
(299, 6),
(300, 2),
(300, 3);

-- --------------------------------------------------------

--
-- Structure de la table `listepathologie`
--

DROP TABLE IF EXISTS `listepathologie`;
CREATE TABLE `listepathologie` (
  `idPathologie` int(10) UNSIGNED NOT NULL,
  `idDossierMedical` int(10) UNSIGNED NOT NULL
) ENGINE=InnoDB DEFAULT CHARSET=utf8;

--
-- Déchargement des données de la table `listepathologie`
--

INSERT INTO `listepathologie` (`idPathologie`, `idDossierMedical`) VALUES
(1, 2),
(2, 2),
(3, 2),
(1, 5),
(1, 6),
(10, 6),
(5, 7),
(1, 8),
(10, 8),
(9, 9),
(3, 10),
(4, 10),
(7, 12),
(8, 12),
(9, 12),
(3, 13),
(4, 13),
(5, 13),
(4, 14),
(5, 14),
(9, 16),
(10, 16),
(7, 17),
(8, 17),
(9, 17),
(2, 19),
(3, 19),
(8, 20),
(3, 21),
(4, 21),
(1, 22),
(2, 22),
(1, 23),
(2, 23),
(3, 23),
(7, 24),
(8, 24),
(4, 25),
(1, 26),
(2, 26),
(6, 27),
(7, 27),
(1, 28),
(2, 28),
(3, 28),
(8, 29),
(9, 29),
(10, 29),
(1, 31),
(2, 31),
(5, 32),
(6, 32),
(7, 32),
(9, 33),
(10, 34),
(1, 36),
(2, 36),
(3, 36),
(6, 37),
(6, 38),
(5, 39),
(1, 40),
(9, 40),
(10, 40),
(1, 44),
(2, 44),
(7, 46),
(8, 46),
(1, 47),
(2, 47),
(3, 47),
(1, 48),
(10, 48),
(6, 49),
(7, 50),
(1, 52),
(2, 52),
(5, 55),
(6, 55),
(1, 56),
(4, 57),
(1, 59),
(1, 62),
(9, 62),
(10, 62),
(6, 63),
(7, 63),
(4, 64),
(5, 64),
(6, 64),
(8, 65),
(8, 66),
(4, 69),
(5, 69),
(6, 69),
(7, 70),
(8, 70),
(9, 70),
(1, 71),
(1, 72),
(2, 72),
(1, 74),
(2, 74),
(3, 74),
(3, 75),
(4, 75),
(4, 76),
(1, 77),
(2, 77),
(9, 78),
(10, 78),
(7, 79),
(5, 80),
(7, 81),
(8, 84),
(9, 84),
(10, 84),
(7, 85),
(4, 86),
(5, 86),
(9, 87),
(10, 87),
(7, 88),
(8, 88),
(1, 91),
(2, 91),
(10, 91),
(8, 92),
(9, 92),
(8, 93),
(1, 95),
(2, 95),
(10, 95),
(3, 96),
(4, 96),
(5, 96),
(6, 98),
(1, 99),
(2, 99),
(6, 101),
(7, 101),
(8, 101),
(4, 102),
(5, 102),
(7, 104),
(8, 104),
(1, 105),
(4, 106),
(5, 106),
(6, 107),
(1, 108),
(10, 108),
(5, 111),
(6, 111),
(1, 112),
(2, 112),
(5, 116),
(6, 116),
(8, 117),
(9, 117),
(1, 118),
(2, 118),
(8, 119),
(9, 119),
(7, 122),
(8, 122),
(4, 124),
(5, 124),
(1, 125),
(9, 125),
(10, 125),
(9, 127),
(10, 128),
(3, 132),
(4, 132),
(3, 133),
(4, 133),
(8, 135),
(9, 136),
(9, 138),
(10, 138),
(1, 139),
(2, 139),
(10, 139),
(5, 140),
(6, 140),
(7, 140),
(2, 141),
(3, 141),
(4, 141),
(1, 143),
(4, 144),
(5, 144),
(6, 144),
(1, 145),
(2, 145),
(1, 146),
(2, 146),
(1, 148),
(4, 149),
(5, 149),
(10, 151),
(5, 154),
(6, 154),
(1, 155),
(2, 155),
(3, 155),
(6, 156),
(7, 156),
(8, 156),
(1, 157),
(2, 157),
(3, 158),
(4, 158),
(6, 159),
(7, 159),
(8, 159),
(1, 161),
(9, 163),
(8, 164),
(9, 164),
(10, 164),
(3, 165),
(5, 166),
(6, 166),
(7, 166),
(1, 167),
(2, 167),
(10, 167),
(1, 168),
(2, 168),
(3, 168),
(5, 169),
(6, 169),
(7, 169),
(7, 171),
(8, 171),
(9, 171),
(2, 172),
(3, 172),
(8, 173),
(2, 174),
(3, 174),
(4, 174),
(6, 175),
(7, 175),
(8, 175),
(7, 176),
(8, 176),
(9, 176),
(9, 177),
(10, 177),
(1, 178),
(1, 179),
(10, 179),
(7, 180),
(8, 180),
(2, 182),
(3, 182),
(4, 182),
(1, 183),
(2, 183),
(3, 183),
(7, 187),
(8, 187),
(9, 187),
(1, 189),
(2, 189),
(5, 191),
(6, 191),
(9, 193),
(10, 193),
(1, 195),
(2, 195),
(3, 196),
(4, 196),
(5, 196),
(6, 197),
(7, 198),
(8, 198),
(9, 198),
(5, 199),
(6, 199),
(7, 199),
(2, 200),
(10, 201),
(9, 202),
(1, 205),
(2, 205),
(10, 205),
(3, 206),
(8, 207),
(9, 207),
(10, 207),
(5, 208),
(6, 208),
(7, 208),
(4, 209),
(1, 210),
(2, 210),
(10, 210),
(7, 211),
(8, 211),
(7, 212),
(8, 212),
(9, 212),
(1, 213),
(2, 213),
(2, 214),
(6, 215),
(7, 215),
(1, 216),
(2, 216),
(1, 217),
(2, 217),
(10, 217),
(3, 220),
(4, 220),
(1, 221),
(2, 221),
(3, 221),
(4, 222),
(5, 222),
(1, 223),
(2, 223),
(3, 223),
(4, 224),
(5, 224),
(6, 224),
(7, 226),
(8, 226),
(4, 228),
(5, 229),
(6, 229),
(4, 230),
(7, 231),
(8, 231),
(9, 231),
(2, 232),
(3, 232),
(4, 232),
(6, 233),
(7, 233),
(8, 235),
(9, 235),
(10, 235),
(6, 236),
(7, 236),
(1, 237),
(10, 237),
(1, 238),
(2, 238),
(3, 239),
(4, 239),
(1, 240),
(3, 241),
(4, 241),
(5, 242),
(6, 242),
(7, 243),
(8, 243),
(9, 243),
(8, 244),
(6, 245),
(7, 245),
(3, 246),
(4, 246),
(6, 249),
(7, 249),
(9, 250),
(8, 251),
(9, 251),
(10, 251),
(1, 252),
(2, 253),
(3, 253),
(4, 253),
(9, 254),
(10, 254),
(5, 256),
(6, 256),
(3, 257),
(4, 257),
(5, 257),
(8, 258),
(9, 258),
(4, 260),
(5, 260),
(6, 260),
(1, 262),
(2, 262),
(3, 262),
(4, 263),
(5, 263),
(1, 264),
(2, 264),
(7, 266),
(6, 267),
(2, 268),
(3, 268),
(4, 268),
(6, 269),
(7, 269),
(5, 275),
(6, 275),
(2, 276),
(3, 276),
(4, 276),
(1, 277),
(9, 279),
(8, 280),
(4, 282),
(1, 283),
(2, 283),
(10, 284),
(4, 285),
(5, 285),
(6, 285),
(7, 286),
(8, 286),
(9, 286),
(3, 287),
(4, 287),
(5, 287),
(1, 289),
(2, 289),
(3, 289),
(5, 290),
(1, 291),
(2, 291),
(6, 292),
(7, 292),
(8, 292),
(1, 294),
(2, 294),
(3, 294),
(6, 295),
(1, 296),
(3, 297),
(4, 297),
(5, 297),
(8, 298),
(9, 298),
(10, 298),
(1, 299),
(2, 299),
(10, 300);

-- --------------------------------------------------------

--
-- Structure de la table `listereunionchef`
--

DROP TABLE IF EXISTS `listereunionchef`;
CREATE TABLE `listereunionchef` (
  `idReunion` int(10) UNSIGNED NOT NULL,
  `idChef` int(10) UNSIGNED NOT NULL,
  `idPersonnel` int(10) UNSIGNED NOT NULL
) ENGINE=InnoDB DEFAULT CHARSET=utf8;

-- --------------------------------------------------------

--
-- Structure de la table `listereuniondirecteur`
--

DROP TABLE IF EXISTS `listereuniondirecteur`;
CREATE TABLE `listereuniondirecteur` (
  `idReunion` int(10) UNSIGNED NOT NULL,
  `idDirecteur` int(10) UNSIGNED NOT NULL,
  `idPersonnel` int(10) UNSIGNED NOT NULL
) ENGINE=InnoDB DEFAULT CHARSET=utf8 COMMENT='	';

-- --------------------------------------------------------

--
-- Structure de la table `listresidentevent`
--

DROP TABLE IF EXISTS `listresidentevent`;
CREATE TABLE `listresidentevent` (
  `idResident` int(10) UNSIGNED NOT NULL,
  `idEvent` int(10) UNSIGNED NOT NULL
) ENGINE=InnoDB DEFAULT CHARSET=utf8;

--
-- Déchargement des données de la table `listresidentevent`
--

INSERT INTO `listresidentevent` (`idResident`, `idEvent`) VALUES
(48, 1),
(83, 1),
(94, 1),
(43, 3),
(94, 3),
(98, 3),
(35, 6),
(2, 9),
(39, 9),
(51, 9),
(57, 9),
(99, 9),
(10, 11),
(36, 11),
(45, 11),
(49, 11),
(68, 11),
(1, 12),
(19, 12),
(34, 12),
(59, 12),
(44, 13),
(66, 13),
(67, 13),
(79, 13),
(84, 13),
(16, 15),
(34, 15),
(78, 15),
(81, 15),
(31, 19),
(78, 19),
(99, 19),
(1, 20),
(29, 20),
(3, 22),
(18, 22),
(40, 22),
(85, 22),
(11, 23),
(21, 23),
(37, 23),
(66, 23),
(98, 23),
(43, 25),
(52, 25),
(66, 25),
(81, 25),
(58, 27),
(60, 27),
(71, 27),
(82, 27),
(75, 29),
(85, 29),
(87, 29),
(98, 29),
(14, 30),
(45, 30),
(33, 31),
(45, 31),
(86, 31),
(26, 34),
(60, 34),
(6, 35),
(86, 35),
(9, 36),
(17, 37),
(41, 37),
(78, 37),
(83, 37),
(85, 40),
(30, 41),
(34, 41),
(42, 41),
(47, 41),
(97, 41),
(5, 42),
(86, 42),
(6, 43),
(63, 43),
(13, 46),
(75, 46),
(78, 46),
(81, 46),
(88, 46),
(16, 47),
(24, 47),
(26, 47),
(77, 47),
(100, 47),
(54, 48),
(80, 48),
(32, 49),
(48, 49),
(59, 49),
(61, 49),
(88, 49),
(6, 50),
(72, 50),
(44, 54),
(65, 55),
(87, 55),
(61, 57),
(78, 57),
(35, 59),
(76, 59),
(2, 65),
(50, 65),
(51, 65),
(73, 65),
(17, 66),
(49, 66),
(55, 66),
(31, 69),
(62, 69),
(19, 71),
(23, 71),
(41, 71),
(45, 71),
(96, 71),
(79, 75),
(61, 76),
(15, 79),
(64, 79),
(26, 80),
(35, 80),
(52, 80),
(57, 80),
(85, 80),
(62, 84),
(76, 84),
(45, 85),
(63, 85),
(80, 85),
(86, 85),
(18, 87),
(40, 87),
(54, 87),
(72, 87),
(76, 87),
(75, 90),
(84, 90),
(100, 90),
(9, 92),
(86, 92),
(46, 93),
(25, 94),
(67, 94),
(90, 94),
(22, 95),
(37, 95),
(69, 95),
(17, 100),
(35, 100),
(48, 100),
(46, 101),
(48, 101),
(70, 102),
(92, 102),
(20, 103),
(66, 103),
(82, 103),
(93, 103),
(12, 105),
(53, 105),
(56, 105),
(77, 105),
(33, 107),
(87, 107),
(77, 108),
(28, 113),
(43, 113),
(52, 113),
(85, 113),
(41, 116),
(45, 116),
(49, 116),
(55, 116),
(88, 116),
(3, 117),
(35, 117),
(52, 117),
(82, 117),
(92, 117),
(17, 118),
(73, 118),
(42, 120),
(97, 120),
(3, 123),
(22, 123),
(48, 123),
(55, 123),
(75, 123),
(60, 125),
(25, 126),
(41, 126),
(47, 126),
(45, 128),
(84, 128),
(21, 129),
(33, 129),
(99, 129),
(24, 132),
(31, 132),
(44, 132),
(64, 132),
(98, 133),
(38, 135),
(42, 135),
(68, 135),
(99, 135),
(25, 136),
(53, 136),
(53, 140),
(68, 140),
(100, 141),
(10, 142),
(67, 142),
(91, 142),
(21, 144),
(48, 144),
(61, 144),
(79, 144),
(46, 147),
(48, 147),
(83, 147),
(89, 147),
(24, 148),
(33, 148),
(36, 148),
(23, 152),
(43, 152),
(20, 153),
(96, 153),
(10, 156),
(60, 156),
(74, 156),
(79, 156),
(93, 156),
(23, 157),
(60, 157),
(58, 159),
(67, 159),
(73, 159),
(7, 161),
(40, 161),
(75, 161),
(31, 162),
(41, 162),
(60, 162),
(72, 162),
(25, 163),
(41, 163),
(54, 163),
(100, 163),
(18, 165),
(52, 165),
(27, 166),
(33, 166),
(53, 166),
(13, 167),
(38, 167),
(50, 167),
(59, 167),
(70, 167),
(12, 168),
(21, 168),
(99, 168),
(51, 169),
(14, 170),
(95, 173),
(12, 175),
(19, 175),
(35, 175),
(63, 175),
(72, 175),
(112, 177),
(198, 177),
(113, 178),
(133, 178),
(166, 178),
(195, 178),
(133, 181),
(147, 181),
(151, 181),
(173, 181),
(106, 182),
(130, 182),
(159, 182),
(149, 188),
(188, 188),
(189, 188),
(107, 192),
(157, 192),
(187, 192),
(196, 192),
(125, 194),
(131, 194),
(123, 196),
(146, 196),
(149, 198),
(167, 198),
(119, 199),
(178, 199),
(198, 199),
(127, 200),
(148, 200),
(149, 200),
(139, 201),
(142, 201),
(183, 201),
(111, 203),
(122, 203),
(143, 203),
(145, 203),
(166, 203),
(103, 204),
(135, 204),
(179, 204),
(103, 205),
(113, 205),
(127, 205),
(137, 205),
(178, 205),
(112, 206),
(141, 206),
(162, 206),
(178, 206),
(182, 206),
(129, 208),
(182, 208),
(183, 208),
(110, 210),
(123, 210),
(126, 210),
(195, 210),
(147, 213),
(156, 213),
(165, 213),
(173, 213),
(189, 213),
(104, 214),
(126, 214),
(178, 214),
(181, 214),
(119, 216),
(159, 216),
(161, 216),
(137, 218),
(162, 218),
(184, 218),
(102, 221),
(181, 221),
(141, 223),
(105, 225),
(125, 225),
(147, 225),
(153, 225),
(167, 225),
(150, 228),
(154, 228),
(169, 228),
(177, 228),
(193, 228),
(151, 230),
(106, 231),
(110, 231),
(121, 231),
(141, 231),
(154, 232),
(160, 232),
(162, 232),
(173, 232),
(190, 232),
(115, 233),
(174, 233),
(169, 234),
(113, 235),
(127, 235),
(185, 235),
(186, 235),
(197, 235),
(109, 239),
(172, 239),
(106, 248),
(159, 248),
(174, 248),
(178, 248),
(108, 249),
(174, 249),
(182, 249),
(189, 249),
(198, 249),
(130, 251),
(159, 251),
(189, 255),
(138, 258),
(148, 258),
(154, 258),
(186, 258),
(199, 258),
(116, 261),
(137, 261),
(151, 261),
(153, 261),
(188, 261),
(195, 265),
(169, 266),
(196, 266),
(133, 268),
(178, 268),
(183, 268),
(187, 268),
(129, 270),
(134, 270),
(158, 270),
(182, 270),
(196, 270),
(116, 271),
(130, 271),
(200, 271),
(193, 272),
(114, 276),
(129, 276),
(156, 276),
(168, 276),
(187, 276),
(131, 277),
(155, 277),
(112, 279),
(159, 279),
(171, 279),
(199, 279),
(115, 280),
(141, 280),
(175, 280),
(192, 280),
(104, 281),
(121, 281),
(128, 281),
(166, 281),
(181, 281),
(149, 285),
(178, 285),
(198, 285),
(115, 286),
(166, 286),
(169, 286),
(120, 289),
(103, 291),
(170, 291),
(126, 292),
(140, 292),
(149, 294),
(166, 294),
(104, 299),
(121, 299),
(123, 299),
(182, 302),
(104, 305),
(135, 305),
(156, 305),
(153, 307),
(118, 308),
(124, 311),
(186, 311),
(108, 312),
(146, 312),
(154, 312),
(165, 312),
(146, 314),
(171, 314),
(126, 316),
(101, 317),
(104, 317),
(139, 317),
(162, 317),
(191, 317),
(102, 318),
(143, 318),
(154, 318),
(121, 319),
(166, 319),
(193, 319),
(110, 322),
(127, 322),
(133, 322),
(137, 322),
(169, 322),
(184, 324),
(107, 328),
(195, 328),
(130, 331),
(191, 331),
(108, 333),
(112, 333),
(118, 333),
(133, 333),
(114, 334),
(130, 334),
(137, 334),
(165, 334),
(184, 334),
(125, 335),
(146, 336),
(165, 336),
(166, 336),
(171, 336),
(188, 336),
(114, 337),
(182, 337),
(191, 337),
(194, 337),
(178, 341),
(188, 342),
(112, 343),
(156, 343),
(198, 343),
(141, 345),
(126, 346),
(173, 346),
(106, 348),
(129, 348),
(168, 348),
(190, 348),
(179, 349),
(192, 350),
(242, 352),
(207, 354),
(215, 354),
(252, 354),
(292, 354),
(241, 355),
(253, 355),
(274, 355),
(285, 355),
(204, 359),
(295, 359),
(205, 363),
(223, 363),
(245, 363),
(279, 363),
(286, 363),
(235, 364),
(251, 364),
(275, 364),
(274, 365),
(286, 365),
(300, 365),
(207, 366),
(278, 366),
(203, 367),
(219, 367),
(255, 367),
(291, 368),
(217, 371),
(256, 371),
(295, 371),
(231, 373),
(272, 373),
(292, 373),
(295, 373),
(255, 376),
(252, 377),
(205, 379),
(207, 379),
(213, 379),
(230, 379),
(267, 379),
(213, 380),
(244, 380),
(256, 380),
(272, 380),
(211, 381),
(237, 381),
(239, 381),
(243, 381),
(204, 382),
(223, 382),
(287, 382),
(204, 384),
(210, 384),
(241, 384),
(295, 384),
(213, 386),
(216, 386),
(222, 386),
(281, 386),
(288, 386),
(214, 387),
(231, 387),
(254, 387),
(269, 387),
(280, 387),
(239, 388),
(264, 388),
(224, 389),
(228, 389),
(289, 389),
(291, 389),
(214, 390),
(218, 390),
(239, 390),
(241, 390),
(257, 390),
(213, 393),
(249, 393),
(278, 393),
(209, 394),
(257, 394),
(237, 395),
(212, 396),
(225, 398),
(233, 398),
(239, 398),
(296, 398),
(300, 399),
(220, 401),
(248, 401),
(223, 403),
(225, 403),
(241, 403),
(254, 403),
(244, 406),
(264, 406),
(298, 406),
(221, 407),
(209, 411),
(218, 411),
(226, 411),
(250, 411),
(237, 413),
(259, 413),
(271, 414),
(281, 414),
(235, 415),
(255, 415),
(269, 415),
(202, 423),
(205, 423),
(206, 423),
(220, 423),
(277, 423),
(265, 424),
(270, 424),
(215, 425),
(220, 425),
(265, 425),
(295, 425),
(201, 426),
(242, 427),
(258, 427),
(278, 427),
(207, 428),
(210, 428),
(218, 428),
(238, 428),
(298, 428),
(263, 429),
(209, 431),
(232, 431),
(268, 431),
(206, 432),
(213, 432),
(241, 432),
(291, 432),
(209, 434),
(210, 434),
(237, 434),
(259, 434),
(284, 434),
(208, 435),
(244, 435),
(290, 435),
(298, 435),
(228, 436),
(231, 439),
(272, 439),
(281, 439),
(225, 442),
(233, 442),
(234, 444),
(254, 444),
(264, 444),
(218, 445),
(250, 445),
(260, 445),
(208, 447),
(226, 447),
(268, 447),
(294, 447),
(292, 452),
(293, 452),
(238, 455),
(211, 456),
(236, 456),
(295, 456),
(209, 458),
(250, 458),
(282, 458),
(293, 458),
(237, 459),
(267, 459),
(283, 459),
(206, 461),
(226, 461),
(231, 461),
(241, 462),
(248, 462),
(253, 462),
(259, 462),
(291, 462),
(202, 463),
(269, 463),
(253, 464),
(206, 466),
(211, 466),
(249, 466),
(251, 466),
(294, 466),
(209, 467),
(222, 467),
(257, 467),
(263, 467),
(292, 467),
(235, 468),
(246, 468),
(269, 468),
(279, 468),
(269, 469),
(231, 472),
(241, 472),
(289, 472),
(210, 474),
(211, 474),
(212, 474),
(282, 474),
(246, 475),
(277, 475),
(292, 475),
(216, 476),
(227, 476),
(238, 476),
(255, 476),
(257, 476),
(234, 477),
(268, 477),
(285, 482),
(213, 483),
(238, 483),
(253, 483),
(254, 483),
(276, 483),
(220, 484),
(257, 484),
(300, 484),
(256, 485),
(270, 485),
(275, 485),
(276, 485),
(244, 486),
(266, 486),
(288, 487),
(226, 489),
(230, 489),
(255, 489),
(271, 489),
(284, 489),
(249, 490),
(251, 490),
(252, 490),
(294, 490),
(240, 491),
(249, 491),
(274, 491),
(280, 491),
(203, 492),
(233, 492),
(223, 494),
(236, 494),
(257, 494),
(226, 495),
(243, 495),
(283, 495),
(223, 496),
(236, 496),
(243, 496),
(255, 496),
(223, 499),
(230, 499),
(252, 499),
(270, 499),
(282, 499),
(218, 500),
(243, 502),
(289, 502),
(215, 503),
(216, 503),
(261, 503),
(268, 503),
(218, 504),
(280, 504),
(292, 504),
(294, 504),
(219, 506),
(250, 506),
(265, 506),
(286, 506),
(220, 508),
(235, 508),
(292, 508),
(298, 508),
(277, 509),
(291, 509),
(271, 511),
(274, 511),
(277, 511),
(278, 511),
(209, 514),
(243, 514),
(227, 515),
(290, 515),
(213, 517),
(217, 517),
(218, 517),
(247, 517),
(256, 517),
(248, 518),
(212, 519),
(214, 519),
(287, 519),
(288, 519),
(289, 519),
(208, 521),
(254, 521),
(257, 521),
(225, 524),
(282, 524),
(291, 525);

-- --------------------------------------------------------

--
-- Structure de la table `pathologie`
--

DROP TABLE IF EXISTS `pathologie`;
CREATE TABLE `pathologie` (
  `idPathologie` int(10) UNSIGNED NOT NULL,
  `nomPathologie` varchar(45) NOT NULL
) ENGINE=InnoDB DEFAULT CHARSET=utf8;

--
-- Déchargement des données de la table `pathologie`
--

INSERT INTO `pathologie` (`idPathologie`, `nomPathologie`) VALUES
(1, 'Troubles digestifs'),
(2, 'Ostéoporose'),
(3, 'Charcot'),
(4, 'Endométriose'),
(5, 'Lyme'),
(6, 'Fibromalgie'),
(7, 'Crohn'),
(8, 'Scarlatine'),
(9, 'Hémorroîde'),
(10, 'Schizophrénie');

-- --------------------------------------------------------

--
-- Structure de la table `personnel`
--

DROP TABLE IF EXISTS `personnel`;
CREATE TABLE `personnel` (
  `idPersonnel` int(10) UNSIGNED NOT NULL,
  `nomPersonnel` varchar(45) NOT NULL,
  `prenomPersonnel` varchar(45) NOT NULL,
  `identifiant` varchar(45) NOT NULL,
  `password` varchar(45) NOT NULL,
  `intitulePoste` varchar(45) NOT NULL,
  `idEtablissement` int(10) UNSIGNED NOT NULL,
  `numTelPoste` int(10) UNSIGNED NOT NULL,
  `idService` int(10) UNSIGNED NOT NULL
) ENGINE=InnoDB DEFAULT CHARSET=utf8;

--
-- Déchargement des données de la table `personnel`
--

INSERT INTO `personnel` (`idPersonnel`, `nomPersonnel`, `prenomPersonnel`, `identifiant`, `password`, `intitulePoste`, `idEtablissement`, `numTelPoste`, `idService`) VALUES
(1, 'Sauer', 'Dane', 'SauerD', '1234', 'Lingerie', 1, 177, 1),
(2, 'Legros', 'Alayna', 'LegrosA', '1234', 'Lingerie', 1, 140, 1),
(3, 'Bergstrom', 'Heloise', 'BergstromH', '1234', 'Lingerie', 1, 133, 1),
(4, 'Schiller', 'Lenny', 'SchillerL', '1234', 'Lingerie', 1, 140, 1),
(5, 'Cole', 'Candido', 'ColeC', '1234', 'Medical', 1, 117, 2),
(6, 'Olson', 'Mariela', 'OlsonM', '1234', 'Medical', 1, 159, 2),
(7, 'Bosco', 'Tomasa', 'BoscoT', '1234', 'Medical', 1, 134, 2),
(8, 'Satterfield', 'Grayce', 'SatterfieldG', '1234', 'Medical', 1, 150, 2),
(9, 'Harvey', 'Antwon', 'HarveyA', '1234', 'Medical', 1, 159, 2),
(10, 'Green', 'Edmund', 'GreenE', '1234', 'Medical', 1, 137, 2),
(11, 'McGlynn', 'Carole', 'McGlynnC', '1234', 'Medical', 1, 156, 2),
(12, 'Braun', 'Cleo', 'BraunC', '1234', 'Medical', 1, 132, 2),
(13, 'Moore', 'Sigmund', 'MooreS', '1234', 'Medical', 1, 124, 2),
(14, 'Langosh', 'Zoila', 'LangoshZ', '1234', 'Medical', 1, 163, 2),
(15, 'Carter', 'Enos', 'CarterE', '1234', 'Medical', 1, 197, 2),
(16, 'Swift', 'Daniella', 'SwiftD', '1234', 'Medical', 1, 120, 2),
(17, 'Prohaska', 'Fritz', 'ProhaskaF', '1234', 'Medical', 1, 136, 2),
(18, 'Considine', 'Marlon', 'ConsidineM', '1234', 'Medical', 1, 112, 2),
(19, 'Kihn', 'Guiseppe', 'KihnG', '1234', 'Medical', 1, 155, 2),
(20, 'Mueller', 'Durward', 'MuellerD', '1234', 'Medical', 1, 161, 2),
(21, 'Wilkinson', 'Laurence', 'WilkinsonL', '1234', 'Medical', 1, 179, 2),
(22, 'Haag', 'Werner', 'HaagW', '1234', 'Medical', 1, 193, 2),
(23, 'Howell', 'Chelsey', 'HowellC', '1234', 'Medical', 1, 143, 2),
(24, 'Jaskolski', 'Brennon', 'JaskolskiB', '1234', 'Medical', 1, 106, 2),
(25, 'Jacobson', 'Adelia', 'JacobsonA', '1234', 'Medical', 1, 144, 2),
(26, 'Lindgren', 'Mortimer', 'LindgrenM', '1234', 'Medical', 1, 151, 2),
(27, 'Koch', 'Mac', 'KochM', '1234', 'Medical', 1, 100, 2),
(28, 'Kirlin', 'Kayleigh', 'KirlinK', '1234', 'Medical', 1, 162, 2),
(29, 'Stehr', 'Jasper', 'StehrJ', '1234', 'Medical', 1, 110, 2),
(30, 'Leuschke', 'Tre', 'LeuschkeT', '1234', 'Medical', 1, 147, 2),
(31, 'Pfannerstill', 'Nickolas', 'PfannerstillN', '1234', 'Medical', 1, 179, 2),
(32, 'Wintheiser', 'Carmine', 'WintheiserC', '1234', 'Medical', 1, 160, 2),
(33, 'Gusikowski', 'Carlos', 'GusikowskiC', '1234', 'Medical', 1, 144, 2),
(34, 'Lockman', 'Frankie', 'LockmanF', '1234', 'Medical', 1, 119, 2),
(35, 'D Amore', 'Vince', 'D_AmoreV', '1234', 'Medical', 1, 193, 2),
(36, 'Kihn', 'Ransom', 'KihnR', '1234', 'Medical', 1, 106, 2),
(37, 'Becker', 'Vern', 'BeckerV', '1234', 'Medical', 1, 150, 2),
(38, 'Kilback', 'Davon', 'KilbackD', '1234', 'Medical', 1, 118, 2),
(39, 'Roob', 'Verlie', 'RoobV', '1234', 'Medical', 1, 182, 2),
(40, 'Conroy', 'Eusebio', 'ConroyE', '1234', 'Tech', 1, 172, 3),
(41, 'Conroy', 'Eusebio', 'Admin', '1234', 'Admin', 1, 172, 4),
(42, 'Emard', 'Hosea', 'EmardH', '1234', 'Tech', 1, 100, 3),
(43, 'Harris', 'Freddy', 'HarrisF', '1234', 'Cuisine', 1, 195, 5),
(44, 'Sanford', 'Carmela', 'SanfordC', '1234', 'Cuisine', 1, 166, 5),
(45, 'Moen', 'Alek', 'MoenA', '1234', 'Cuisine', 1, 192, 5),
(46, 'Keebler', 'Zoey', 'KeeblerZ', '1234', 'Cuisine', 1, 111, 5),
(47, 'Kilback', 'Connie', 'KilbackC', '1234', 'Cuisine', 1, 127, 5),
(48, 'Schimmel', 'Keshawn', 'SchimmelK', '1234', 'Direction', 1, 190, 6),
(49, 'Moen', 'Colt', 'MoenC', '1234', 'Direction', 1, 147, 6),
(50, 'Gorczany', 'Conner', 'GorczanyC', '1234', 'Direction', 1, 191, 6),
(51, 'Koch', 'Lelia', 'KochL', '1234', 'Direction', 1, 130, 6),
(52, 'Osinski', 'Magdalen', 'OsinskiM', '1234', 'Direction', 1, 167, 6),
(53, 'Pfeffer', 'Simeon', 'PfefferS', '1234', 'Lingerie', 2, 174, 8),
(54, 'Bernier', 'Nico', 'BernierN', '1234', 'Lingerie', 2, 143, 8),
(55, 'Hackett', 'Turner', 'HackettT', '1234', 'Lingerie', 2, 123, 8),
(56, 'Breitenberg', 'Nels', 'BreitenbergN', '1234', 'Lingerie', 2, 174, 8),
(57, 'Mueller', 'Percival', 'MuellerP', '1234', 'Medical', 2, 103, 9),
(58, 'Pacocha', 'Bernadette', 'PacochaB', '1234', 'Medical', 2, 125, 9),
(59, 'Huels', 'Mae', 'HuelsM', '1234', 'Medical', 2, 197, 9),
(60, 'Hackett', 'Rex', 'HackettR', '1234', 'Medical', 2, 107, 9),
(61, 'Lebsack', 'Aurelia', 'LebsackA', '1234', 'Medical', 2, 180, 9),
(62, 'Breitenberg', 'Kelli', 'BreitenbergK', '1234', 'Medical', 2, 109, 9),
(63, 'Beier', 'Elyse', 'BeierE', '1234', 'Medical', 2, 197, 9),
(64, 'Keeling', 'Bernice', 'KeelingB', '1234', 'Medical', 2, 141, 9),
(65, 'Schmitt', 'Jarrell', 'SchmittJ', '1234', 'Medical', 2, 172, 9),
(66, 'Konopelski', 'Okey', 'KonopelskiO', '1234', 'Medical', 2, 176, 9),
(67, 'Flatley', 'Blaise', 'FlatleyB', '1234', 'Medical', 2, 149, 9),
(68, 'Padberg', 'Blanche', 'PadbergB', '1234', 'Medical', 2, 120, 9),
(69, 'Ledner', 'Glenna', 'LednerG', '1234', 'Medical', 2, 184, 9),
(70, 'Bartell', 'Magdalen', 'BartellM', '1234', 'Medical', 2, 114, 9),
(71, 'Batz', 'Adolf', 'BatzA', '1234', 'Medical', 2, 193, 9),
(72, 'Greenfelder', 'Aletha', 'GreenfelderA', '1234', 'Medical', 2, 173, 9),
(73, 'Wolff', 'Granville', 'WolffG', '1234', 'Medical', 2, 124, 9),
(74, 'Gerlach', 'Braulio', 'GerlachB', '1234', 'Medical', 2, 107, 9),
(75, 'Goyette', 'Lauryn', 'GoyetteL', '1234', 'Medical', 2, 155, 9),
(76, 'Schulist', 'Nelle', 'SchulistN', '1234', 'Medical', 2, 146, 9),
(77, 'Ullrich', 'Mable', 'UllrichM', '1234', 'Medical', 2, 181, 9),
(78, 'Reynolds', 'Mohammad', 'ReynoldsM', '1234', 'Medical', 2, 129, 9),
(79, 'Roberts', 'Tremayne', 'RobertsT', '1234', 'Medical', 2, 193, 9),
(80, 'West', 'Felipa', 'WestF', '1234', 'Medical', 2, 166, 9),
(81, 'Raynor', 'Nolan', 'RaynorN', '1234', 'Medical', 2, 189, 9),
(82, 'Lakin', 'Mathew', 'LakinM', '1234', 'Medical', 2, 189, 9),
(83, 'Auer', 'Elmer', 'AuerE', '1234', 'Medical', 2, 103, 9),
(84, 'Champlin', 'Justen', 'ChamplinJ', '1234', 'Medical', 2, 191, 9),
(85, 'Greenholt', 'Johanna', 'GreenholtJ', '1234', 'Medical', 2, 152, 9),
(86, 'Graham', 'Cristal', 'GrahamC', '1234', 'Medical', 2, 178, 9),
(87, 'Konopelski', 'Abraham', 'KonopelskiA', '1234', 'Medical', 2, 197, 9),
(88, 'Ward', 'Rosa', 'WardR', '1234', 'Medical', 2, 134, 9),
(89, 'Stroman', 'Green', 'StromanG', '1234', 'Medical', 2, 195, 9),
(90, 'Treutel', 'Jackeline', 'TreutelJ', '1234', 'Medical', 2, 131, 9),
(91, 'Jacobson', 'Danielle', 'JacobsonD', '1234', 'Medical', 2, 199, 9),
(92, 'Kerluke', 'Don', 'KerlukeD', '1234', 'Tech', 2, 164, 10),
(93, 'Kerluke', 'Don', 'Admin', '1234', 'Admin', 2, 164, 11),
(94, 'Weimann', 'Delphine', 'WeimannD', '1234', 'Tech', 2, 120, 10),
(95, 'Spinka', 'Dallin', 'SpinkaD', '1234', 'Cuisine', 2, 186, 12),
(96, 'Bogisich', 'Alvena', 'BogisichA', '1234', 'Cuisine', 2, 190, 12),
(97, 'Kihn', 'Beulah', 'KihnB', '1234', 'Cuisine', 2, 171, 12),
(98, 'Hagenes', 'Morris', 'HagenesM', '1234', 'Cuisine', 2, 132, 12),
(99, 'Hammes', 'Ebony', 'HammesE', '1234', 'Cuisine', 2, 146, 12),
(100, 'Kautzer', 'Evangeline', 'KautzerE', '1234', 'Direction', 2, 102, 13),
(101, 'Beier', 'Royal', 'BeierR', '1234', 'Direction', 2, 193, 13),
(102, 'Kertzmann', 'Josue', 'KertzmannJ', '1234', 'Direction', 2, 191, 13),
(103, 'Zieme', 'Wilford', 'ZiemeW', '1234', 'Direction', 2, 142, 13),
(104, 'Stamm', 'Alexandrea', 'StammA', '1234', 'Direction', 2, 159, 13),
(105, 'Hettinger', 'Annette', 'HettingerA', '1234', 'Lingerie', 3, 143, 15),
(106, 'Paucek', 'Alden', 'PaucekA', '1234', 'Lingerie', 3, 151, 15),
(107, 'Wiza', 'Andreanne', 'WizaA', '1234', 'Lingerie', 3, 166, 15),
(108, 'Leffler', 'Jeremy', 'LefflerJ', '1234', 'Lingerie', 3, 103, 15),
(109, 'Bernier', 'Mozelle', 'BernierM', '1234', 'Medical', 3, 171, 16),
(110, 'Wisoky', 'Jessika', 'WisokyJ', '1234', 'Medical', 3, 124, 16),
(111, 'Wiegand', 'Devon', 'WiegandD', '1234', 'Medical', 3, 190, 16),
(112, 'Hessel', 'Amina', 'HesselA', '1234', 'Medical', 3, 173, 16),
(113, 'Lubowitz', 'Dorthy', 'LubowitzD', '1234', 'Medical', 3, 191, 16),
(114, 'Bogan', 'Penelope', 'BoganP', '1234', 'Medical', 3, 170, 16),
(115, 'Kihn', 'Garth', 'KihnG', '1234', 'Medical', 3, 132, 16),
(116, 'Hane', 'Juliana', 'HaneJ', '1234', 'Medical', 3, 125, 16),
(117, 'Leannon', 'Rubie', 'LeannonR', '1234', 'Medical', 3, 185, 16),
(118, 'Parker', 'Jordane', 'ParkerJ', '1234', 'Medical', 3, 165, 16),
(119, 'Tremblay', 'Lauryn', 'TremblayL', '1234', 'Medical', 3, 178, 16),
(120, 'Mills', 'Oran', 'MillsO', '1234', 'Medical', 3, 164, 16),
(121, 'Koch', 'Alfreda', 'KochA', '1234', 'Medical', 3, 179, 16),
(122, 'Rau', 'Delpha', 'RauD', '1234', 'Medical', 3, 158, 16),
(123, 'Huel', 'Helena', 'HuelH', '1234', 'Medical', 3, 174, 16),
(124, 'Johns', 'Elvis', 'JohnsE', '1234', 'Medical', 3, 164, 16),
(125, 'Buckridge', 'Cecilia', 'BuckridgeC', '1234', 'Medical', 3, 172, 16),
(126, 'Walsh', 'Anthony', 'WalshA', '1234', 'Medical', 3, 188, 16),
(127, 'Greenfelder', 'Lou', 'GreenfelderL', '1234', 'Medical', 3, 155, 16),
(128, 'Marquardt', 'Rusty', 'MarquardtR', '1234', 'Medical', 3, 170, 16),
(129, 'Schuster', 'Maurine', 'SchusterM', '1234', 'Medical', 3, 144, 16),
(130, 'Block', 'Shaylee', 'BlockS', '1234', 'Medical', 3, 167, 16),
(131, 'Weimann', 'Vella', 'WeimannV', '1234', 'Medical', 3, 139, 16),
(132, 'Rippin', 'Bertrand', 'RippinB', '1234', 'Medical', 3, 153, 16),
(133, 'Lesch', 'Dewayne', 'LeschD', '1234', 'Medical', 3, 174, 16),
(134, 'Muller', 'Jacinthe', 'MullerJ', '1234', 'Medical', 3, 100, 16),
(135, 'Shields', 'Santa', 'ShieldsS', '1234', 'Medical', 3, 162, 16),
(136, 'Schaefer', 'Corine', 'SchaeferC', '1234', 'Medical', 3, 184, 16),
(137, 'Franecki', 'Lew', 'FraneckiL', '1234', 'Medical', 3, 196, 16),
(138, 'Runolfsdottir', 'Lucinda', 'RunolfsdottirL', '1234', 'Medical', 3, 133, 16),
(139, 'Upton', 'Johnpaul', 'UptonJ', '1234', 'Medical', 3, 112, 16),
(140, 'Hermann', 'Derrick', 'HermannD', '1234', 'Medical', 3, 163, 16),
(141, 'Hettinger', 'Briana', 'HettingerB', '1234', 'Medical', 3, 147, 16),
(142, 'Nikolaus', 'Tevin', 'NikolausT', '1234', 'Medical', 3, 100, 16),
(143, 'Skiles', 'Ilene', 'SkilesI', '1234', 'Medical', 3, 157, 16),
(144, 'Hintz', 'Orland', 'HintzO', '1234', 'Tech', 3, 174, 17),
(145, 'Hintz', 'Orland', 'Admin', '1234', 'Admin', 3, 174, 18),
(146, 'O Connell', 'Eleanore', 'O_ConnellE', '1234', 'Tech', 3, 187, 17),
(147, 'Doyle', 'Vernice', 'DoyleV', '1234', 'Cuisine', 3, 104, 19),
(148, 'Kozey', 'Osvaldo', 'KozeyO', '1234', 'Cuisine', 3, 158, 19),
(149, 'Luettgen', 'Laurianne', 'LuettgenL', '1234', 'Cuisine', 3, 125, 19),
(150, 'Wolff', 'Fern', 'WolffF', '1234', 'Cuisine', 3, 166, 19),
(151, 'Ondricka', 'Brionna', 'OndrickaB', '1234', 'Cuisine', 3, 158, 19),
(152, 'Gleason', 'Darien', 'GleasonD', '1234', 'Direction', 3, 175, 20),
(153, 'Maggio', 'Julie', 'MaggioJ', '1234', 'Direction', 3, 121, 20),
(154, 'Anderson', 'Ettie', 'AndersonE', '1234', 'Direction', 3, 180, 20),
(155, 'Green', 'Abdullah', 'GreenA', '1234', 'Direction', 3, 167, 20),
(156, 'Anderson', 'Amy', 'AndersonA', '1234', 'Direction', 3, 200, 20);

-- --------------------------------------------------------

--
-- Structure de la table `regime`
--

DROP TABLE IF EXISTS `regime`;
CREATE TABLE `regime` (
  `idRegime` int(10) UNSIGNED NOT NULL,
  `nomRegime` varchar(45) NOT NULL
) ENGINE=InnoDB DEFAULT CHARSET=utf8;

--
-- Déchargement des données de la table `regime`
--

INSERT INTO `regime` (`idRegime`, `nomRegime`) VALUES
(1, 'Normal'),
(2, 'Haché'),
(3, 'Mixé'),
(4, 'Lisse'),
(5, 'Coupé'),
(6, 'Enrichi mixé'),
(7, 'Enrichi normal'),
(8, 'Enrichi Coupé'),
(9, 'Enrichi lisse'),
(10, 'Enrichi haché');

-- --------------------------------------------------------

--
-- Structure de la table `registre`
--

DROP TABLE IF EXISTS `registre`;
CREATE TABLE `registre` (
  `idRegistre` int(10) UNSIGNED NOT NULL,
  `idService` int(10) UNSIGNED NOT NULL,
  `idEtablissement` int(10) UNSIGNED NOT NULL
) ENGINE=InnoDB DEFAULT CHARSET=utf8;

--
-- Déchargement des données de la table `registre`
--

INSERT INTO `registre` (`idRegistre`, `idService`, `idEtablissement`) VALUES
(1, 1, 1),
(2, 2, 1),
(3, 3, 1),
(4, 5, 1),
(5, 6, 1),
(6, 4, 1),
(7, 7, 1),
(8, 8, 2),
(9, 9, 2),
(10, 10, 2),
(11, 12, 2),
(12, 13, 2),
(13, 11, 2),
(14, 14, 2),
(15, 15, 3),
(16, 16, 3),
(17, 17, 3),
(18, 19, 3),
(19, 20, 3),
(20, 18, 3),
(21, 21, 3);

-- --------------------------------------------------------

--
-- Structure de la table `resident`
--

DROP TABLE IF EXISTS `resident`;
CREATE TABLE `resident` (
  `idResident` int(10) UNSIGNED NOT NULL,
  `nomResident` varchar(45) NOT NULL,
  `prenomResident` varchar(45) NOT NULL,
  `naissanceResident` date DEFAULT NULL,
  `idEtablissement` int(10) UNSIGNED NOT NULL,
  `numSecuResident` varchar(15) NOT NULL,
  `numChambreResident` int(11) NOT NULL,
  `idContactUrgence` int(10) UNSIGNED NOT NULL
) ENGINE=InnoDB DEFAULT CHARSET=utf8;

--
-- Déchargement des données de la table `resident`
--

INSERT INTO `resident` (`idResident`, `nomResident`, `prenomResident`, `naissanceResident`, `idEtablissement`, `numSecuResident`, `numChambreResident`, `idContactUrgence`) VALUES
(1, 'Parker', 'Cleta', '1964-12-04', 1, '184185578395492', 473, 1),
(2, 'Schoen', 'Zane', '1924-02-17', 1, '163613887239274', 227, 2),
(3, 'Kris', 'Gretchen', '1962-02-22', 1, '289423438644861', 229, 3),
(4, 'Huel', 'Nelle', '1932-11-07', 1, '189473792729647', 370, 4),
(5, 'Towne', 'Josianne', '1927-09-11', 1, '163957296441131', 390, 5),
(6, 'Cummings', 'Dawn', '1935-06-15', 1, '284473474161114', 546, 6),
(7, 'Ward', 'Destinee', '1948-03-16', 1, '242684116983951', 365, 7),
(8, 'Pollich', 'Gabriella', '1957-08-08', 1, '284995985689421', 347, 8),
(9, 'Cassin', 'Kamryn', '1935-06-16', 1, '113436477545957', 894, 9),
(10, 'Emard', 'Nikolas', '1951-12-02', 1, '125844537829298', 605, 10),
(11, 'Lang', 'Carson', '1941-09-03', 1, '189424981732565', 544, 11),
(12, 'Green', 'Tressa', '1958-09-05', 1, '246474894898864', 348, 12),
(13, 'Runte', 'Norene', '1943-12-10', 1, '198527356211427', 952, 13),
(14, 'Collier', 'Giuseppe', '1959-06-27', 1, '137171887246796', 823, 14),
(15, 'Boyle', 'Maximilian', '1939-05-07', 1, '131464263436314', 239, 15),
(16, 'Harris', 'Eleonore', '1954-12-26', 1, '272528897267242', 380, 16),
(17, 'Fay', 'Amalia', '1941-09-23', 1, '136644787282714', 320, 17),
(18, 'Pagac', 'Berniece', '1942-10-01', 1, '115749266621958', 891, 18),
(19, 'Nienow', 'Kaley', '1936-12-19', 1, '158127244987975', 898, 19),
(20, 'Reilly', 'Shanna', '1922-07-12', 1, '222524673557689', 626, 20),
(21, 'Abernathy', 'Shemar', '1928-05-08', 1, '122344682673455', 601, 21),
(22, 'Torphy', 'Jacey', '1956-07-02', 1, '213983137598971', 887, 22),
(23, 'Mann', 'Kathryne', '1944-03-01', 1, '197893222821145', 991, 23),
(24, 'Klocko', 'Russel', '1966-07-05', 1, '213494444229358', 480, 24),
(25, 'Walsh', 'Daphney', '1940-11-10', 1, '183628392916746', 364, 25),
(26, 'Morissette', 'Marjolaine', '1955-02-19', 1, '222747914515564', 659, 26),
(27, 'Graham', 'Gail', '1960-01-26', 1, '151643862128479', 542, 27),
(28, 'Considine', 'Lemuel', '1937-08-16', 1, '184434791916616', 984, 28),
(29, 'Schultz', 'Isai', '1924-02-21', 1, '265184657799981', 851, 29),
(30, 'Kuhn', 'Sylvan', '1943-04-21', 1, '285277174533129', 928, 30),
(31, 'Simonis', 'Hiram', '1928-11-29', 1, '165681973565566', 295, 31),
(32, 'Jacobi', 'Barrett', '1949-01-31', 1, '146495589814831', 979, 32),
(33, 'VonRueden', 'Shanny', '1926-09-10', 1, '117922767817677', 627, 33),
(34, 'West', 'Ruthie', '1957-08-14', 1, '127421342594714', 509, 34),
(35, 'Waelchi', 'Rylan', '1955-07-21', 1, '111322431132362', 278, 35),
(36, 'Torp', 'Herman', '1927-02-13', 1, '147656824274998', 797, 36),
(37, 'Muller', 'Elda', '1945-05-20', 1, '177662424914818', 514, 37),
(38, 'Pouros', 'Laurence', '1930-02-09', 1, '141937135259254', 118, 38),
(39, 'Ebert', 'Keenan', '1941-04-15', 1, '176394367939225', 886, 39),
(40, 'Senger', 'Litzy', '1953-11-11', 1, '231893215183389', 650, 40),
(41, 'Vandervort', 'Carlee', '1966-01-06', 1, '255235699518566', 401, 41),
(42, 'Klein', 'Deja', '1955-12-20', 1, '128439851399936', 332, 42),
(43, 'Cassin', 'Edwin', '1924-06-23', 1, '275138125149982', 511, 43),
(44, 'Cronin', 'Francesco', '1957-05-04', 1, '125736596996741', 328, 44),
(45, 'DuBuque', 'Eve', '1937-08-10', 1, '234868982194731', 542, 45),
(46, 'Fritsch', 'Florencio', '1959-04-23', 1, '221198343777386', 202, 46),
(47, 'Bergnaum', 'Aileen', '1954-03-07', 1, '188693378217476', 893, 47),
(48, 'Reichel', 'Roscoe', '1928-11-13', 1, '161918895213399', 439, 48),
(49, 'Witting', 'Eldon', '1943-10-14', 1, '155592292179512', 216, 49),
(50, 'Lockman', 'Ariane', '1927-10-03', 1, '117477841685548', 975, 50),
(51, 'Torphy', 'Annamae', '1944-05-09', 1, '275176767218984', 886, 51),
(52, 'Emmerich', 'Audrey', '1954-12-26', 1, '192496951487337', 376, 52),
(53, 'Jaskolski', 'Fleta', '1965-04-09', 1, '269381161428684', 906, 53),
(54, 'Eichmann', 'Delmer', '1963-06-25', 1, '158439616425811', 789, 54),
(55, 'Miller', 'Tyrese', '1947-09-19', 1, '162939137556849', 475, 55),
(56, 'Parisian', 'Karolann', '1962-06-10', 1, '165365465517241', 979, 56),
(57, 'Ziemann', 'Paige', '1936-04-30', 1, '155274673464767', 440, 57),
(58, 'Torphy', 'Erin', '1965-07-10', 1, '252234683196934', 336, 58),
(59, 'Schowalter', 'Naomie', '1922-02-06', 1, '294663887388222', 616, 59),
(60, 'Abernathy', 'Annalise', '1957-08-09', 1, '155572629234887', 741, 60),
(61, 'Kihn', 'Parker', '1964-10-25', 1, '287911189284187', 686, 61),
(62, 'Jerde', 'Rasheed', '1948-12-08', 1, '265656747691686', 933, 62),
(63, 'Hackett', 'Bart', '1927-09-28', 1, '177218492688967', 627, 63),
(64, 'McDermott', 'Wade', '1941-12-18', 1, '129691383246512', 366, 64),
(65, 'Oberbrunner', 'Pedro', '1933-05-27', 1, '226868531657265', 655, 65),
(66, 'Schroeder', 'Sandrine', '1934-12-05', 1, '162923236267497', 852, 66),
(67, 'Gleason', 'Christopher', '1937-06-23', 1, '164236181981161', 862, 67),
(68, 'Von', 'Terrell', '1948-10-02', 1, '264342712476883', 323, 68),
(69, 'Koch', 'Cooper', '1940-01-19', 1, '294489258499762', 956, 69),
(70, 'Waelchi', 'Celestino', '1952-07-21', 1, '128172736958553', 598, 70),
(71, 'Pollich', 'Melvina', '1927-05-18', 1, '121455161244299', 758, 71),
(72, 'Murazik', 'America', '1954-03-17', 1, '231312368488261', 854, 72),
(73, 'Hauck', 'Demond', '1933-06-01', 1, '223253939857661', 882, 73),
(74, 'Heaney', 'Coby', '1921-02-08', 1, '219929812131481', 891, 74),
(75, 'Breitenberg', 'Merlin', '1958-08-03', 1, '227787249977929', 952, 75),
(76, 'Kassulke', 'Ubaldo', '1926-01-26', 1, '179746855319152', 341, 76),
(77, 'Schamberger', 'Calista', '1950-05-26', 1, '193337421843784', 419, 77),
(78, 'Fadel', 'Julianne', '1928-10-07', 1, '235724497813867', 357, 78),
(79, 'West', 'Maye', '1936-07-18', 1, '238154193898529', 644, 79),
(80, 'Paucek', 'Rosalyn', '1956-04-30', 1, '243526767812977', 291, 80),
(81, 'Volkman', 'Octavia', '1930-11-28', 1, '169596228193248', 357, 81),
(82, 'Cassin', 'Hipolito', '1934-08-04', 1, '271153282236215', 719, 82),
(83, 'O Reilly', 'Jerad', '1945-08-28', 1, '157429612834287', 933, 83),
(84, 'Stokes', 'Nasir', '1942-11-13', 1, '159129374778319', 651, 84),
(85, 'Kerluke', 'Valentine', '1932-07-07', 1, '185262567818998', 322, 85),
(86, 'Johnson', 'Gaston', '1957-10-14', 1, '197411148478119', 712, 86),
(87, 'White', 'Elisabeth', '1928-11-26', 1, '215288764877724', 882, 87),
(88, 'Cummerata', 'Briana', '1935-05-31', 1, '175155181619477', 310, 88),
(89, 'Lubowitz', 'Jennie', '1945-11-12', 1, '234435918777966', 666, 89),
(90, 'Grant', 'Hermann', '1938-02-28', 1, '143778315724336', 297, 90),
(91, 'Wisoky', 'Antonina', '1940-02-18', 1, '247114794531814', 484, 91),
(92, 'Rowe', 'Judah', '1944-04-17', 1, '249519546951143', 494, 92),
(93, 'Batz', 'Richmond', '1946-12-20', 1, '299173846553431', 860, 93),
(94, 'Russel', 'Ila', '1960-11-19', 1, '248777452725918', 791, 94),
(95, 'Gusikowski', 'Brooke', '1954-10-28', 1, '255392886345973', 470, 95),
(96, 'Cummerata', 'Myrtle', '1921-01-29', 1, '126597724133693', 981, 96),
(97, 'Miller', 'Chance', '1931-10-06', 1, '246578662392469', 350, 97),
(98, 'Gerhold', 'Gordon', '1956-05-06', 1, '173255194411965', 454, 98),
(99, 'Wolf', 'Roel', '1942-10-02', 1, '144971483762711', 943, 99),
(100, 'Pfannerstill', 'Clifford', '1935-12-21', 1, '137432659946116', 230, 100),
(101, 'Schuster', 'Ocie', '1927-08-31', 2, '167971461712816', 536, 101),
(102, 'Rowe', 'Aracely', '1929-10-19', 2, '273265452591446', 737, 102),
(103, 'Vandervort', 'Ashleigh', '1959-08-27', 2, '242933952536398', 373, 103),
(104, 'Leuschke', 'Jesus', '1949-11-12', 2, '149656559379816', 982, 104),
(105, 'Schmeler', 'Kaylah', '1965-08-29', 2, '118443366957459', 518, 105),
(106, 'Parker', 'Guadalupe', '1938-01-29', 2, '225876285799919', 690, 106),
(107, 'Bruen', 'Austyn', '1933-03-21', 2, '277567253575269', 503, 107),
(108, 'Roob', 'Alexie', '1952-10-22', 2, '152784783655524', 611, 108),
(109, 'Renner', 'Carlee', '1934-01-19', 2, '216796828355459', 717, 109),
(110, 'Dicki', 'Orville', '1939-07-16', 2, '198191393746293', 500, 110),
(111, 'Dietrich', 'Armani', '1937-09-27', 2, '229292211643267', 991, 111),
(112, 'Pouros', 'Nicholas', '1929-04-18', 2, '152771655941426', 939, 112),
(113, 'Fahey', 'Lisa', '1927-07-05', 2, '177697723391262', 543, 113),
(114, 'Haley', 'Nikolas', '1963-10-04', 2, '289947867628264', 489, 114),
(115, 'Kling', 'Antwon', '1960-08-25', 2, '238544562712368', 276, 115),
(116, 'Marquardt', 'Ezequiel', '1958-11-20', 2, '211328199829433', 423, 116),
(117, 'Adams', 'Sidney', '1964-06-21', 2, '174734633628623', 721, 117),
(118, 'Kunde', 'Katherine', '1946-02-01', 2, '122833946687565', 571, 118),
(119, 'Pfeffer', 'Louvenia', '1958-08-10', 2, '133769383127865', 906, 119),
(120, 'Tromp', 'Gudrun', '1960-07-28', 2, '269313657894758', 995, 120),
(121, 'Renner', 'Beulah', '1950-08-23', 2, '185569898161882', 154, 121),
(122, 'Ankunding', 'Abbie', '1936-04-12', 2, '268687557674824', 601, 122),
(123, 'Stark', 'Pasquale', '1952-05-30', 2, '276297448965216', 269, 123),
(124, 'Franecki', 'Aric', '1965-04-28', 2, '235328429636239', 584, 124),
(125, 'Langworth', 'Laverne', '1948-02-11', 2, '151142894973825', 646, 125),
(126, 'Franecki', 'Isom', '1951-11-03', 2, '288747884733431', 482, 126),
(127, 'Rutherford', 'Estel', '1947-02-24', 2, '185742249984894', 823, 127),
(128, 'Williamson', 'Foster', '1922-05-13', 2, '241482194124116', 755, 128),
(129, 'Metz', 'Aaliyah', '1930-10-05', 2, '131664798895578', 168, 129),
(130, 'Abbott', 'Vada', '1922-03-28', 2, '298879744455191', 209, 130),
(131, 'Runolfsdottir', 'Rosanna', '1950-06-06', 2, '259549521297443', 362, 131),
(132, 'Zemlak', 'Jazmyn', '1962-11-04', 2, '284231791777359', 356, 132),
(133, 'Kirlin', 'Jordi', '1962-10-05', 2, '172185446673322', 481, 133),
(134, 'Witting', 'Chad', '1943-06-06', 2, '255528989851127', 139, 134),
(135, 'Reichert', 'Nigel', '1958-04-24', 2, '161333373773734', 740, 135),
(136, 'Satterfield', 'Shawna', '1948-01-13', 2, '288642737544432', 184, 136),
(137, 'Koepp', 'Ellis', '1960-02-28', 2, '116819471649719', 962, 137),
(138, 'Jacobson', 'Abbigail', '1964-09-22', 2, '123123856123991', 321, 138),
(139, 'Douglas', 'Wyman', '1959-03-16', 2, '287478645779397', 512, 139),
(140, 'Quitzon', 'Berenice', '1952-03-21', 2, '254736326812737', 607, 140),
(141, 'Reynolds', 'Micheal', '1922-01-24', 2, '165141651969856', 306, 141),
(142, 'Harvey', 'Eula', '1921-03-04', 2, '118976344232823', 151, 142),
(143, 'Haag', 'Retta', '1938-03-11', 2, '195148686772728', 580, 143),
(144, 'Boyle', 'Oral', '1937-09-04', 2, '146677744751569', 175, 144),
(145, 'Skiles', 'Scottie', '1932-04-17', 2, '275543314554361', 718, 145),
(146, 'Johnson', 'Gregg', '1926-10-27', 2, '217475753273592', 998, 146),
(147, 'Price', 'Kallie', '1965-02-04', 2, '295683328131577', 361, 147),
(148, 'Lehner', 'Stephon', '1946-05-02', 2, '213621966678278', 535, 148),
(149, 'West', 'Shane', '1929-10-29', 2, '112565384849648', 271, 149),
(150, 'Skiles', 'Nathan', '1926-01-03', 2, '284412896191688', 507, 150),
(151, 'Lang', 'Eulalia', '1945-05-11', 2, '289174166751963', 392, 151),
(152, 'Von', 'Cornell', '1957-11-24', 2, '257238376329249', 237, 152),
(153, 'West', 'Tina', '1944-07-17', 2, '287723164277142', 863, 153),
(154, 'Crona', 'Ronaldo', '1943-08-12', 2, '219749716622948', 353, 154),
(155, 'Reichel', 'Meta', '1923-07-21', 2, '114373743613496', 169, 155),
(156, 'Grady', 'Leann', '1945-01-02', 2, '246346597579248', 884, 156),
(157, 'Wisoky', 'Joey', '1924-03-04', 2, '121226288525369', 640, 157),
(158, 'Hegmann', 'Reece', '1959-08-01', 2, '216345537451488', 548, 158),
(159, 'Stroman', 'Pauline', '1959-11-21', 2, '113582579571931', 243, 159),
(160, 'Monahan', 'Shannon', '1951-08-09', 2, '284631935629924', 847, 160),
(161, 'Goldner', 'Heath', '1931-06-12', 2, '142687871363337', 804, 161),
(162, 'Nader', 'Danny', '1951-02-14', 2, '228423236715748', 372, 162),
(163, 'Gorczany', 'Giles', '1921-09-07', 2, '129482864928879', 786, 163),
(164, 'Moore', 'Maci', '1963-06-26', 2, '246255997529624', 380, 164),
(165, 'Kuhn', 'Fredrick', '1966-08-21', 2, '267786986722821', 428, 165),
(166, 'Thompson', 'Kavon', '1932-08-20', 2, '124997588586313', 838, 166),
(167, 'Thiel', 'Robbie', '1946-08-20', 2, '176616218767942', 769, 167),
(168, 'Altenwerth', 'Gabriel', '1936-04-27', 2, '225932717748511', 174, 168),
(169, 'Raynor', 'Yazmin', '1935-12-07', 2, '251392381911864', 617, 169),
(170, 'Green', 'Alanna', '1924-04-20', 2, '131262518619363', 211, 170),
(171, 'Herman', 'Gardner', '1966-06-01', 2, '288938428661913', 672, 171),
(172, 'Strosin', 'Elena', '1921-06-25', 2, '199683858898299', 980, 172),
(173, 'Hackett', 'Rafaela', '1964-04-23', 2, '259768832384364', 490, 173),
(174, 'Littel', 'Nicolette', '1949-08-10', 2, '175871267931868', 479, 174),
(175, 'Bergstrom', 'Kaycee', '1937-10-25', 2, '198392281921173', 718, 175),
(176, 'Stehr', 'Marcelo', '1941-05-05', 2, '195124345316445', 691, 176),
(177, 'Legros', 'Santino', '1948-02-07', 2, '279857741352791', 955, 177),
(178, 'Ebert', 'Jeff', '1940-05-31', 2, '142147225553261', 336, 178),
(179, 'Kilback', 'Lon', '1943-05-26', 2, '165699952271931', 520, 179),
(180, 'Vandervort', 'Roxane', '1965-01-13', 2, '113123537521123', 724, 180),
(181, 'Mertz', 'Roy', '1928-11-20', 2, '248337565858558', 619, 181),
(182, 'Hilpert', 'Consuelo', '1932-11-13', 2, '283126596445229', 912, 182),
(183, 'Ortiz', 'Addie', '1937-04-10', 2, '149113961855196', 473, 183),
(184, 'Ernser', 'Emerald', '1954-02-10', 2, '135239968216935', 731, 184),
(185, 'Tromp', 'Loyce', '1963-06-12', 2, '197754344484936', 763, 185),
(186, 'Schneider', 'Mollie', '1932-05-25', 2, '158327179528358', 130, 186),
(187, 'Runolfsdottir', 'Ubaldo', '1958-08-02', 2, '294472692457569', 564, 187),
(188, 'Corkery', 'Karelle', '1962-06-29', 2, '151611324817529', 477, 188),
(189, 'Mayert', 'Arturo', '1939-09-07', 2, '125327839636699', 453, 189),
(190, 'Bergnaum', 'Felipe', '1932-09-10', 2, '119595113667127', 937, 190),
(191, 'Hermann', 'Cloyd', '1933-01-06', 2, '145198624535916', 465, 191),
(192, 'Windler', 'Lila', '1956-10-07', 2, '243157953331984', 575, 192),
(193, 'Brekke', 'Elza', '1962-04-06', 2, '217736759699791', 807, 193),
(194, 'Shanahan', 'Cecil', '1957-02-01', 2, '193247635873479', 760, 194),
(195, 'Fisher', 'Mertie', '1929-01-28', 2, '158127184991141', 156, 195),
(196, 'VonRueden', 'Willow', '1961-09-09', 2, '247893759591554', 429, 196),
(197, 'Blick', 'Lance', '1934-03-19', 2, '255938569811874', 465, 197),
(198, 'Nienow', 'Sven', '1928-10-31', 2, '185995262911487', 309, 198),
(199, 'Friesen', 'Mustafa', '1936-07-15', 2, '277547386997136', 100, 199),
(200, 'Donnelly', 'Dane', '1926-07-29', 2, '181346494826224', 748, 200),
(201, 'Tromp', 'Alysha', '1944-10-15', 3, '188687137289363', 259, 201),
(202, 'Bode', 'Wilbert', '1945-08-30', 3, '151283598228186', 733, 202),
(203, 'Reinger', 'Urban', '1929-04-22', 3, '188712918858976', 889, 203),
(204, 'Bednar', 'Cletus', '1928-10-23', 3, '164139288156841', 386, 204),
(205, 'Balistreri', 'Hilbert', '1933-03-21', 3, '264153452898911', 890, 205),
(206, 'Grant', 'Margie', '1966-08-19', 3, '194257144179816', 389, 206),
(207, 'Hamill', 'Cecil', '1935-11-14', 3, '265434578727633', 578, 207),
(208, 'Raynor', 'Noah', '1937-05-26', 3, '239535933146573', 873, 208),
(209, 'Cruickshank', 'Lexus', '1921-04-10', 3, '117236791532899', 832, 209),
(210, 'Fadel', 'Lee', '1959-04-30', 3, '145576991847275', 276, 210),
(211, 'Murazik', 'Wilhelmine', '1941-12-06', 3, '289764931774142', 324, 211),
(212, 'Kutch', 'Lila', '1948-04-05', 3, '148927531622914', 797, 212),
(213, 'Conn', 'Cora', '1941-02-19', 3, '188862686215225', 967, 213),
(214, 'Hills', 'Ken', '1933-12-30', 3, '155353671223816', 536, 214),
(215, 'Bergstrom', 'Nelson', '1945-06-17', 3, '277938985668352', 290, 215),
(216, 'Nienow', 'Sydnee', '1954-02-03', 3, '262486953299245', 489, 216),
(217, 'Hyatt', 'Krystel', '1952-03-30', 3, '222536985783945', 545, 217),
(218, 'Yost', 'Odessa', '1936-08-14', 3, '158345175146844', 477, 218),
(219, 'Roberts', 'Ignacio', '1923-06-07', 3, '111545482541857', 617, 219),
(220, 'Veum', 'Sabina', '1958-01-06', 3, '167273823476777', 609, 220),
(221, 'Krajcik', 'Leonardo', '1928-02-05', 3, '278532799125438', 312, 221),
(222, 'Bradtke', 'Jeanette', '1948-07-02', 3, '224114335889173', 276, 222),
(223, 'Nienow', 'Jesse', '1966-02-17', 3, '149481925597787', 841, 223),
(224, 'Bayer', 'Dante', '1935-05-03', 3, '279899296166329', 295, 224),
(225, 'Hahn', 'Abbigail', '1940-10-16', 3, '133614496118611', 387, 225),
(226, 'Morissette', 'Adriana', '1925-01-01', 3, '229716241487718', 751, 226),
(227, 'Harber', 'Ramon', '1949-12-14', 3, '156117545418463', 538, 227),
(228, 'Treutel', 'Graham', '1955-11-01', 3, '156498354513671', 467, 228),
(229, 'Keeling', 'Casimir', '1934-03-01', 3, '226413778878234', 315, 229),
(230, 'Schimmel', 'Vincent', '1957-02-01', 3, '173376727687839', 823, 230),
(231, 'O Kon', 'Jarret', '1952-08-15', 3, '139287186556495', 352, 231),
(232, 'Hammes', 'Kenny', '1949-03-24', 3, '174634979277264', 459, 232),
(233, 'Powlowski', 'Rossie', '1929-07-07', 3, '271187621416894', 688, 233),
(234, 'Cole', 'Roscoe', '1925-02-04', 3, '293289727657319', 696, 234),
(235, 'Simonis', 'Stewart', '1946-11-13', 3, '221713529772292', 683, 235),
(236, 'Aufderhar', 'Milo', '1944-04-27', 3, '118553821421235', 728, 236),
(237, 'Sipes', 'Kris', '1942-02-15', 3, '222866435486723', 177, 237),
(238, 'Ratke', 'Kathryne', '1937-04-11', 3, '211252256433874', 668, 238),
(239, 'Rohan', 'Elsa', '1923-08-04', 3, '151683522285122', 851, 239),
(240, 'Johnson', 'Ronny', '1965-06-04', 3, '169477238594645', 591, 240),
(241, 'Bosco', 'Delia', '1951-09-01', 3, '282219298863616', 752, 241),
(242, 'Walker', 'Daren', '1961-12-14', 3, '274464177314666', 257, 242),
(243, 'Stiedemann', 'Kane', '1960-11-08', 3, '183322944728278', 622, 243),
(244, 'Harris', 'Pearline', '1961-11-24', 3, '159736236727434', 721, 244),
(245, 'Pfannerstill', 'Alanna', '1927-08-28', 3, '115761853487913', 911, 245),
(246, 'Bednar', 'Manuela', '1947-06-19', 3, '154668311619984', 942, 246),
(247, 'Ratke', 'Emery', '1940-11-04', 3, '265699656694242', 193, 247),
(248, 'Kunde', 'Lulu', '1938-05-18', 3, '129974873748824', 296, 248),
(249, 'Rath', 'Braxton', '1953-10-14', 3, '273466447916721', 176, 249),
(250, 'Hartmann', 'Jaylin', '1939-02-12', 3, '128557235466578', 714, 250),
(251, 'Breitenberg', 'Davin', '1935-07-03', 3, '124994734341384', 167, 251),
(252, 'Yundt', 'Elisa', '1930-12-12', 3, '112684126939778', 435, 252),
(253, 'Bernhard', 'Dexter', '1942-01-01', 3, '247467877318652', 793, 253),
(254, 'Klocko', 'Constantin', '1938-09-05', 3, '285318828188859', 466, 254),
(255, 'Reilly', 'Anais', '1933-10-01', 3, '151382245618924', 362, 255),
(256, 'Mante', 'Ashlee', '1963-05-22', 3, '249628141734289', 306, 256),
(257, 'Boyle', 'Verda', '1922-12-24', 3, '157125242836182', 465, 257),
(258, 'Collins', 'Christina', '1934-03-27', 3, '254344477793923', 674, 258),
(259, 'Lowe', 'Deangelo', '1923-12-23', 3, '265643793919224', 100, 259),
(260, 'Roberts', 'Tom', '1947-02-18', 3, '274631373466354', 727, 260),
(261, 'Maggio', 'Tatum', '1965-12-27', 3, '192212171844888', 753, 261),
(262, 'Crooks', 'Vivien', '1935-03-07', 3, '143149886273196', 116, 262),
(263, 'Erdman', 'Kavon', '1930-06-04', 3, '265242657722899', 998, 263),
(264, 'Corwin', 'Alexie', '1943-07-02', 3, '148294644373642', 167, 264),
(265, 'O Keefe', 'Maida', '1933-09-05', 3, '186589856376191', 720, 265),
(266, 'Barton', 'Christiana', '1950-08-03', 3, '148397147677594', 284, 266),
(267, 'Bailey', 'Pattie', '1951-07-01', 3, '149437961691386', 332, 267),
(268, 'Hermiston', 'Markus', '1951-08-28', 3, '284543881152115', 299, 268),
(269, 'Schinner', 'Israel', '1931-05-22', 3, '179496126128765', 680, 269),
(270, 'Sawayn', 'Marilyne', '1955-03-10', 3, '181775339382538', 429, 270),
(271, 'MacGyver', 'Marlene', '1956-04-01', 3, '165393595473591', 988, 271),
(272, 'Skiles', 'Herminio', '1950-08-01', 3, '115831939425988', 683, 272),
(273, 'Hickle', 'Annette', '1924-07-11', 3, '193347393662518', 658, 273),
(274, 'King', 'Allie', '1943-02-28', 3, '294261756622861', 862, 274),
(275, 'Torphy', 'Abigale', '1950-11-18', 3, '216852714724523', 755, 275),
(276, 'Yost', 'Corene', '1955-06-18', 3, '243567965262679', 622, 276),
(277, 'Torphy', 'Jayson', '1961-04-03', 3, '148789662459453', 455, 277),
(278, 'Rogahn', 'Mack', '1959-05-16', 3, '277487831552956', 842, 278),
(279, 'Padberg', 'Evert', '1936-06-18', 3, '233463946363651', 204, 279),
(280, 'Berge', 'David', '1954-10-10', 3, '152816251847531', 288, 280),
(281, 'Jakubowski', 'Theodore', '1956-06-08', 3, '236176826788341', 705, 281),
(282, 'Powlowski', 'Roma', '1956-01-26', 3, '227418296345785', 777, 282),
(283, 'Bartell', 'Kassandra', '1954-12-05', 3, '298966133973729', 196, 283),
(284, 'Langosh', 'Barney', '1926-01-12', 3, '155588699861666', 779, 284),
(285, 'Lang', 'Kim', '1926-12-27', 3, '244824766971766', 898, 285),
(286, 'Cartwright', 'Rory', '1934-10-07', 3, '182534149891831', 801, 286),
(287, 'Dickinson', 'Alessandro', '1925-10-23', 3, '127356492997284', 718, 287),
(288, 'Murray', 'Jeremy', '1952-06-17', 3, '253472224165479', 603, 288),
(289, 'Kohler', 'Courtney', '1954-05-30', 3, '293341576889322', 537, 289),
(290, 'Buckridge', 'Myah', '1959-12-04', 3, '297325479495149', 458, 290),
(291, 'VonRueden', 'Rod', '1945-06-29', 3, '286287953699492', 120, 291),
(292, 'Daniel', 'Nia', '1922-03-24', 3, '114594219954643', 574, 292),
(293, 'Schultz', 'Madeline', '1956-02-23', 3, '261163134751483', 763, 293),
(294, 'Lynch', 'Aracely', '1958-06-16', 3, '285351484815755', 194, 294),
(295, 'Cummings', 'Jaylan', '1939-01-05', 3, '293181719299882', 460, 295),
(296, 'Terry', 'Louie', '1923-10-18', 3, '281775727165912', 512, 296),
(297, 'Yost', 'Abdul', '1953-06-30', 3, '287756991521632', 343, 297),
(298, 'Bergstrom', 'Ocie', '1923-04-25', 3, '243731268774523', 602, 298),
(299, 'Wolff', 'Lawrence', '1956-06-20', 3, '158195236357141', 605, 299),
(300, 'O Conner', 'Titus', '1947-02-16', 3, '293563795229152', 347, 300);

-- --------------------------------------------------------

--
-- Structure de la table `reunion`
--

DROP TABLE IF EXISTS `reunion`;
CREATE TABLE `reunion` (
  `idReunion` int(10) UNSIGNED NOT NULL,
  `dateReunion` datetime NOT NULL,
  `titreReunion` varchar(45) NOT NULL
) ENGINE=InnoDB DEFAULT CHARSET=utf8;

-- --------------------------------------------------------

--
-- Structure de la table `service`
--

DROP TABLE IF EXISTS `service`;
CREATE TABLE `service` (
  `idService` int(10) UNSIGNED NOT NULL,
  `nomService` varchar(45) NOT NULL,
  `idEtablissement` int(10) UNSIGNED NOT NULL
) ENGINE=InnoDB DEFAULT CHARSET=utf8;

--
-- Déchargement des données de la table `service`
--

INSERT INTO `service` (`idService`, `nomService`, `idEtablissement`) VALUES
(1, 'Lingerie', 1),
(2, 'Medical', 1),
(3, 'Tech', 1),
(4, 'Admin', 1),
(5, 'Cuisine', 1),
(6, 'Direction', 1),
(7, 'Global', 1),
(8, 'Lingerie', 2),
(9, 'Medical', 2),
(10, 'Tech', 2),
(11, 'Admin', 2),
(12, 'Cuisine', 2),
(13, 'Direction', 2),
(14, 'Global', 2),
(15, 'Lingerie', 3),
(16, 'Medical', 3),
(17, 'Tech', 3),
(18, 'Admin', 3),
(19, 'Cuisine', 3),
(20, 'Direction', 3),
(21, 'Global', 3);

-- --------------------------------------------------------

--
-- Structure de la table `visite`
--

DROP TABLE IF EXISTS `visite`;
CREATE TABLE `visite` (
  `idVisite` int(10) UNSIGNED NOT NULL,
  `dateVisite` datetime NOT NULL,
  `idDirecteur` int(10) UNSIGNED NOT NULL,
  `idPersonnel` int(10) UNSIGNED NOT NULL
) ENGINE=InnoDB DEFAULT CHARSET=utf8;

--
-- Index pour les tables déchargées
--

--
-- Index pour la table `admin`
--
ALTER TABLE `admin`
  ADD PRIMARY KEY (`idAdmin`,`idPersonnel`),
  ADD KEY `fk_Admin_Personnel1_idx` (`idPersonnel`);

--
-- Index pour la table `allergie`
--
ALTER TABLE `allergie`
  ADD PRIMARY KEY (`idAllergie`);

--
-- Index pour la table `chef`
--
ALTER TABLE `chef`
  ADD PRIMARY KEY (`idChef`,`idPersonnel`),
  ADD KEY `fk_Chef_Personnel1_idx` (`idPersonnel`);

--
-- Index pour la table `contacturgence`
--
ALTER TABLE `contacturgence`
  ADD PRIMARY KEY (`idContactUrgence`);

--
-- Index pour la table `directeur`
--
ALTER TABLE `directeur`
  ADD PRIMARY KEY (`idDirecteur`,`idPersonnel`),
  ADD KEY `fk_Directeur_Personnel1_idx` (`idPersonnel`);

--
-- Index pour la table `dossiermedical`
--
ALTER TABLE `dossiermedical`
  ADD PRIMARY KEY (`idDossierMedical`),
  ADD KEY `fk_DossierMedical_Resident1_idx` (`idResident`),
  ADD KEY `fk_regime_idx` (`idRegime`);

--
-- Index pour la table `employe`
--
ALTER TABLE `employe`
  ADD PRIMARY KEY (`idEmploye`,`idPersonnel`),
  ADD KEY `fk_Employe_Personnel1_idx` (`idPersonnel`),
  ADD KEY `fk_Employe_Equipe1_idx` (`idEquipe`);

--
-- Index pour la table `equipe`
--
ALTER TABLE `equipe`
  ADD PRIMARY KEY (`idEquipe`),
  ADD KEY `fk_Chef1_idx` (`idChef`,`idPersonnel`);

--
-- Index pour la table `etablissement`
--
ALTER TABLE `etablissement`
  ADD PRIMARY KEY (`idEtablissement`);

--
-- Index pour la table `evenement`
--
ALTER TABLE `evenement`
  ADD PRIMARY KEY (`idEvenement`),
  ADD KEY `fk_Evenement_Registre1_idx` (`idRegistre`),
  ADD KEY `fk_Evenement_Personnel1_idx` (`idPersonnel`);

--
-- Index pour la table `listeallergie`
--
ALTER TABLE `listeallergie`
  ADD PRIMARY KEY (`idDossierMedical`,`idAllergie`),
  ADD KEY `fk_DossierMedical_has_Allergie_DossierMedical1_idx` (`idDossierMedical`),
  ADD KEY `fk_allergie_idx` (`idAllergie`);

--
-- Index pour la table `listepathologie`
--
ALTER TABLE `listepathologie`
  ADD PRIMARY KEY (`idPathologie`,`idDossierMedical`),
  ADD KEY `fk_Pathologie_has_DossierMedical_DossierMedical1_idx` (`idDossierMedical`),
  ADD KEY `fk_Pathologie_has_DossierMedical_Pathologie1_idx` (`idPathologie`);

--
-- Index pour la table `listereunionchef`
--
ALTER TABLE `listereunionchef`
  ADD PRIMARY KEY (`idReunion`,`idChef`,`idPersonnel`),
  ADD KEY `fk_Reunion_has_Chef_Chef1_idx` (`idChef`,`idPersonnel`),
  ADD KEY `fk_Reunion_has_Chef_Reunion1_idx` (`idReunion`);

--
-- Index pour la table `listereuniondirecteur`
--
ALTER TABLE `listereuniondirecteur`
  ADD PRIMARY KEY (`idDirecteur`,`idPersonnel`,`idReunion`),
  ADD KEY `fk_Reunion_has_Directeur_Directeur1_idx` (`idDirecteur`,`idPersonnel`),
  ADD KEY `fk_Reunion_has_Directeur_Reunion1_idx` (`idReunion`);

--
-- Index pour la table `listresidentevent`
--
ALTER TABLE `listresidentevent`
  ADD PRIMARY KEY (`idResident`,`idEvent`),
  ADD KEY `fk_event_idx` (`idEvent`);

--
-- Index pour la table `pathologie`
--
ALTER TABLE `pathologie`
  ADD PRIMARY KEY (`idPathologie`);

--
-- Index pour la table `personnel`
--
ALTER TABLE `personnel`
  ADD PRIMARY KEY (`idPersonnel`),
  ADD KEY `fk_idEtab_idx` (`idEtablissement`),
  ADD KEY `fk_service_idx` (`idService`);

--
-- Index pour la table `regime`
--
ALTER TABLE `regime`
  ADD PRIMARY KEY (`idRegime`);

--
-- Index pour la table `registre`
--
ALTER TABLE `registre`
  ADD PRIMARY KEY (`idRegistre`),
  ADD KEY `fk_Registre_Service1_idx` (`idService`),
  ADD KEY `fk_idEtabReg_idx` (`idEtablissement`);

--
-- Index pour la table `resident`
--
ALTER TABLE `resident`
  ADD PRIMARY KEY (`idResident`),
  ADD KEY `fk_Resident_Etablissement1_idx` (`idEtablissement`),
  ADD KEY `fk_Resident_ContactUrgence1_idx` (`idContactUrgence`);

--
-- Index pour la table `reunion`
--
ALTER TABLE `reunion`
  ADD PRIMARY KEY (`idReunion`);

--
-- Index pour la table `service`
--
ALTER TABLE `service`
  ADD PRIMARY KEY (`idService`),
  ADD KEY `fk_Service_Etablissement1_idx` (`idEtablissement`);

--
-- Index pour la table `visite`
--
ALTER TABLE `visite`
  ADD PRIMARY KEY (`idVisite`),
  ADD KEY `fk_Visite_Directeur1_idx` (`idDirecteur`,`idPersonnel`);

--
-- AUTO_INCREMENT pour les tables déchargées
--

--
-- AUTO_INCREMENT pour la table `admin`
--
ALTER TABLE `admin`
  MODIFY `idAdmin` int(10) UNSIGNED NOT NULL AUTO_INCREMENT, AUTO_INCREMENT=4;

--
-- AUTO_INCREMENT pour la table `allergie`
--
ALTER TABLE `allergie`
  MODIFY `idAllergie` int(10) UNSIGNED NOT NULL AUTO_INCREMENT, AUTO_INCREMENT=16;

--
-- AUTO_INCREMENT pour la table `chef`
--
ALTER TABLE `chef`
  MODIFY `idChef` int(10) UNSIGNED NOT NULL AUTO_INCREMENT, AUTO_INCREMENT=28;

--
-- AUTO_INCREMENT pour la table `contacturgence`
--
ALTER TABLE `contacturgence`
  MODIFY `idContactUrgence` int(10) UNSIGNED NOT NULL AUTO_INCREMENT, AUTO_INCREMENT=301;

--
-- AUTO_INCREMENT pour la table `directeur`
--
ALTER TABLE `directeur`
  MODIFY `idDirecteur` int(10) UNSIGNED NOT NULL AUTO_INCREMENT, AUTO_INCREMENT=16;

--
-- AUTO_INCREMENT pour la table `dossiermedical`
--
ALTER TABLE `dossiermedical`
  MODIFY `idDossierMedical` int(10) UNSIGNED NOT NULL AUTO_INCREMENT, AUTO_INCREMENT=301;

--
-- AUTO_INCREMENT pour la table `employe`
--
ALTER TABLE `employe`
  MODIFY `idEmploye` int(10) UNSIGNED NOT NULL AUTO_INCREMENT, AUTO_INCREMENT=112;

--
-- AUTO_INCREMENT pour la table `equipe`
--
ALTER TABLE `equipe`
  MODIFY `idEquipe` int(10) UNSIGNED NOT NULL AUTO_INCREMENT, AUTO_INCREMENT=28;

--
-- AUTO_INCREMENT pour la table `etablissement`
--
ALTER TABLE `etablissement`
  MODIFY `idEtablissement` int(10) UNSIGNED NOT NULL AUTO_INCREMENT, AUTO_INCREMENT=4;

--
-- AUTO_INCREMENT pour la table `evenement`
--
ALTER TABLE `evenement`
  MODIFY `idEvenement` int(10) UNSIGNED NOT NULL AUTO_INCREMENT, AUTO_INCREMENT=526;

--
-- AUTO_INCREMENT pour la table `pathologie`
--
ALTER TABLE `pathologie`
  MODIFY `idPathologie` int(10) UNSIGNED NOT NULL AUTO_INCREMENT, AUTO_INCREMENT=11;

--
-- AUTO_INCREMENT pour la table `personnel`
--
ALTER TABLE `personnel`
  MODIFY `idPersonnel` int(10) UNSIGNED NOT NULL AUTO_INCREMENT, AUTO_INCREMENT=157;

--
-- AUTO_INCREMENT pour la table `regime`
--
ALTER TABLE `regime`
  MODIFY `idRegime` int(10) UNSIGNED NOT NULL AUTO_INCREMENT, AUTO_INCREMENT=11;

--
-- AUTO_INCREMENT pour la table `registre`
--
ALTER TABLE `registre`
  MODIFY `idRegistre` int(10) UNSIGNED NOT NULL AUTO_INCREMENT, AUTO_INCREMENT=22;

--
-- AUTO_INCREMENT pour la table `resident`
--
ALTER TABLE `resident`
  MODIFY `idResident` int(10) UNSIGNED NOT NULL AUTO_INCREMENT, AUTO_INCREMENT=301;

--
-- AUTO_INCREMENT pour la table `reunion`
--
ALTER TABLE `reunion`
  MODIFY `idReunion` int(10) UNSIGNED NOT NULL AUTO_INCREMENT;

--
-- AUTO_INCREMENT pour la table `service`
--
ALTER TABLE `service`
  MODIFY `idService` int(10) UNSIGNED NOT NULL AUTO_INCREMENT, AUTO_INCREMENT=22;

--
-- AUTO_INCREMENT pour la table `visite`
--
ALTER TABLE `visite`
  MODIFY `idVisite` int(10) UNSIGNED NOT NULL AUTO_INCREMENT;

--
-- Contraintes pour les tables déchargées
--

--
-- Contraintes pour la table `admin`
--
ALTER TABLE `admin`
  ADD CONSTRAINT `fk_Admin_Personnel1` FOREIGN KEY (`idPersonnel`) REFERENCES `personnel` (`idPersonnel`) ON DELETE NO ACTION ON UPDATE NO ACTION;

--
-- Contraintes pour la table `chef`
--
ALTER TABLE `chef`
  ADD CONSTRAINT `fk_Chef_Personnel1` FOREIGN KEY (`idPersonnel`) REFERENCES `personnel` (`idPersonnel`) ON DELETE NO ACTION ON UPDATE NO ACTION;

--
-- Contraintes pour la table `directeur`
--
ALTER TABLE `directeur`
  ADD CONSTRAINT `fk_Directeur_Personnel1` FOREIGN KEY (`idPersonnel`) REFERENCES `personnel` (`idPersonnel`) ON DELETE NO ACTION ON UPDATE NO ACTION;

--
-- Contraintes pour la table `dossiermedical`
--
ALTER TABLE `dossiermedical`
  ADD CONSTRAINT `fk_DossierMedical_Resident1` FOREIGN KEY (`idResident`) REFERENCES `resident` (`idResident`) ON DELETE NO ACTION ON UPDATE NO ACTION,
  ADD CONSTRAINT `fk_regime` FOREIGN KEY (`idRegime`) REFERENCES `regime` (`idRegime`) ON DELETE NO ACTION ON UPDATE NO ACTION;

--
-- Contraintes pour la table `employe`
--
ALTER TABLE `employe`
  ADD CONSTRAINT `fk_Employe_Equipe1` FOREIGN KEY (`idEquipe`) REFERENCES `equipe` (`idEquipe`) ON DELETE NO ACTION ON UPDATE NO ACTION,
  ADD CONSTRAINT `fk_Employe_Personnel1` FOREIGN KEY (`idPersonnel`) REFERENCES `personnel` (`idPersonnel`) ON DELETE NO ACTION ON UPDATE NO ACTION;

--
-- Contraintes pour la table `equipe`
--
ALTER TABLE `equipe`
  ADD CONSTRAINT `fk_Chef1` FOREIGN KEY (`idChef`,`idPersonnel`) REFERENCES `chef` (`idChef`, `idPersonnel`) ON DELETE NO ACTION ON UPDATE NO ACTION;

--
-- Contraintes pour la table `evenement`
--
ALTER TABLE `evenement`
  ADD CONSTRAINT `fk_Evenement_Personnel1` FOREIGN KEY (`idPersonnel`) REFERENCES `personnel` (`idPersonnel`) ON DELETE NO ACTION ON UPDATE NO ACTION,
  ADD CONSTRAINT `fk_Evenement_Registre1` FOREIGN KEY (`idRegistre`) REFERENCES `registre` (`idRegistre`) ON DELETE NO ACTION ON UPDATE NO ACTION;

--
-- Contraintes pour la table `listeallergie`
--
ALTER TABLE `listeallergie`
  ADD CONSTRAINT `fk_DossierMedical_has_Allergie_DossierMedical1` FOREIGN KEY (`idDossierMedical`) REFERENCES `dossiermedical` (`idDossierMedical`) ON DELETE NO ACTION ON UPDATE NO ACTION,
  ADD CONSTRAINT `fk_allergie` FOREIGN KEY (`idAllergie`) REFERENCES `allergie` (`idAllergie`) ON DELETE NO ACTION ON UPDATE NO ACTION;

--
-- Contraintes pour la table `listepathologie`
--
ALTER TABLE `listepathologie`
  ADD CONSTRAINT `fk_Pathologie_has_DossierMedical_DossierMedical1` FOREIGN KEY (`idDossierMedical`) REFERENCES `dossiermedical` (`idDossierMedical`) ON DELETE NO ACTION ON UPDATE NO ACTION,
  ADD CONSTRAINT `fk_Pathologie_has_DossierMedical_Pathologie1` FOREIGN KEY (`idPathologie`) REFERENCES `pathologie` (`idPathologie`) ON DELETE NO ACTION ON UPDATE NO ACTION;

--
-- Contraintes pour la table `listereunionchef`
--
ALTER TABLE `listereunionchef`
  ADD CONSTRAINT `fk_Reunion_has_Chef_Chef1` FOREIGN KEY (`idChef`,`idPersonnel`) REFERENCES `chef` (`idChef`, `idPersonnel`) ON DELETE NO ACTION ON UPDATE NO ACTION,
  ADD CONSTRAINT `fk_Reunion_has_Chef_Reunion1` FOREIGN KEY (`idReunion`) REFERENCES `reunion` (`idReunion`) ON DELETE NO ACTION ON UPDATE NO ACTION;

--
-- Contraintes pour la table `listereuniondirecteur`
--
ALTER TABLE `listereuniondirecteur`
  ADD CONSTRAINT `fk_Reunion_has_Directeur_Directeur1` FOREIGN KEY (`idDirecteur`,`idPersonnel`) REFERENCES `directeur` (`idDirecteur`, `idPersonnel`) ON DELETE NO ACTION ON UPDATE NO ACTION,
  ADD CONSTRAINT `fk_Reunion_has_Directeur_Reunion1` FOREIGN KEY (`idReunion`) REFERENCES `reunion` (`idReunion`) ON DELETE NO ACTION ON UPDATE NO ACTION;

--
-- Contraintes pour la table `listresidentevent`
--
ALTER TABLE `listresidentevent`
  ADD CONSTRAINT `fk_event` FOREIGN KEY (`idEvent`) REFERENCES `evenement` (`idEvenement`) ON DELETE NO ACTION ON UPDATE NO ACTION,
  ADD CONSTRAINT `fk_resident` FOREIGN KEY (`idResident`) REFERENCES `resident` (`idResident`) ON DELETE NO ACTION ON UPDATE NO ACTION;

--
-- Contraintes pour la table `personnel`
--
ALTER TABLE `personnel`
  ADD CONSTRAINT `fk_idEtab` FOREIGN KEY (`idEtablissement`) REFERENCES `etablissement` (`idEtablissement`) ON DELETE NO ACTION ON UPDATE NO ACTION,
  ADD CONSTRAINT `fk_service` FOREIGN KEY (`idService`) REFERENCES `service` (`idService`) ON DELETE NO ACTION ON UPDATE NO ACTION;

--
-- Contraintes pour la table `registre`
--
ALTER TABLE `registre`
  ADD CONSTRAINT `fk_Registre_Service1` FOREIGN KEY (`idService`) REFERENCES `service` (`idService`) ON DELETE NO ACTION ON UPDATE NO ACTION,
  ADD CONSTRAINT `fk_idEtabReg` FOREIGN KEY (`idEtablissement`) REFERENCES `etablissement` (`idEtablissement`) ON DELETE NO ACTION ON UPDATE NO ACTION;

--
-- Contraintes pour la table `resident`
--
ALTER TABLE `resident`
  ADD CONSTRAINT `fk_Resident_ContactUrgence1` FOREIGN KEY (`idContactUrgence`) REFERENCES `contacturgence` (`idContactUrgence`) ON DELETE NO ACTION ON UPDATE NO ACTION,
  ADD CONSTRAINT `fk_Resident_Etablissement1` FOREIGN KEY (`idEtablissement`) REFERENCES `etablissement` (`idEtablissement`) ON DELETE NO ACTION ON UPDATE NO ACTION;

--
-- Contraintes pour la table `service`
--
ALTER TABLE `service`
  ADD CONSTRAINT `fk_Service_Etablissement1` FOREIGN KEY (`idEtablissement`) REFERENCES `etablissement` (`idEtablissement`) ON DELETE NO ACTION ON UPDATE NO ACTION;

--
-- Contraintes pour la table `visite`
--
ALTER TABLE `visite`
  ADD CONSTRAINT `fk_Visite_Directeur1` FOREIGN KEY (`idDirecteur`,`idPersonnel`) REFERENCES `directeur` (`idDirecteur`, `idPersonnel`) ON DELETE NO ACTION ON UPDATE NO ACTION;
COMMIT;

/*!40101 SET CHARACTER_SET_CLIENT=@OLD_CHARACTER_SET_CLIENT */;
/*!40101 SET CHARACTER_SET_RESULTS=@OLD_CHARACTER_SET_RESULTS */;
/*!40101 SET COLLATION_CONNECTION=@OLD_COLLATION_CONNECTION */;
